HolderAddress SLERF,HolderAddress OGANDY,HolderAddress LANDWOLF,BRANDY HOLDERS
0xa83d77eb528e323d2b93c372e2cb8d5a2fef6908,0x1b7ed1ea86e726fc6bf95a0dd1420dcbd160189c,0xdb9df6fdb2c525992b5908ed8ea542782162940a,0xe575115c97dd0ac438d0b939f2c51e531059d374
0x8f76cb4d7de621b2768411253ea027db6aedb686,0xcb0ffb784ccdd17e8542cd23150a3fa16247ef56,0x6faf6e22026fbb8ec4010fc75d9ae4cfb2c13718,0x848888891d64ec51a35a74a64dad5e2f40a0a613
0xf4e2fa2fe14196ad1f7a9362aab219c8ecb485ce,0xe2eedc52f37fc06934032c382babbf86f5486cf1,0x9712e6ee658b2ff5d99fb44b69745f4ebe1f0363,0xf3008f056f8537bdcf1dd14b51ac107b9201cdb9
0x79608af00857e695eddc4e4156cd3061ace50d56,0x7eb3a490992f73100d5390be245546088bee5453,0xea63ced7fe7af38b6d587c332c63babc53d8a2c4,0x66a46c331b45a08690b27cfd091096fbb774b01b
0x56382a958cced8100fccc1540b2e4a5c502df7f4,0x6f2a2f9e2a093a5caef60f4ddb28230b60cedced,0x05fd7c8a38be335d1d5859f349af9a4bd9bba058,0xe7e34208979bc1c07c232c24ff1ba6e426dd247b
0xf3008f056f8537bdcf1dd14b51ac107b9201cdb9,0x9e2c93963d281acdefbaa3fcb43fae4e9cb9385a,0x776a6d2ba7aa9237ef43681d02ee7716e6b3d699,0xb0f0021cff61cb69872397eedb25ee36d2b29cd2
0x8c72c98f40a7ead92f6e73a57b2fcb9f6867aa19,0xad7e7e369278f6bdc1494fdfd838c979921f0ed7,0xc7f22b4e119a37d57b48391a1310356c9e876da9,0x5fac427e71e8b427db35d0e00c2f703134d29551
0xd85c8ba581f14db1d439fdc83f01d05fd42b7d68,0x8baf74837d9486cec0f097f6d9544e5509199c11,0x3b49efbe5d1ba6a44d967a89c408b6a536176842,0xe3833ac23b03f79a6218ee3d20c7def67a0fe716
0x3925c523b08f1088c65d62862e6ba2f752c1a1ff,0x1ab4c88c6822ec7ba04daa54198224cc9d29c988,0xad7e7e369278f6bdc1494fdfd838c979921f0ed7,0x5bb6ea852ca7cd249b3fe7c24c59fa808c80710b
0xfaad028313480e12a1ca9bb0481c2a2a5c63e662,0x2d61c92339c1aed25a596abb8d2eab7b8939d41f,0x190417184a9a19386c29022399d6b291fac6c92d,0xc7655e14416d97c4f9ef701dcd03acafa0c532ce
0xce3416324d4695cd700ae4d1f760f51cb38af7c2,0x6e1bac1b1980cc2f4724e12a30627170ded93ca6,0x657a1ead50dd1e97b15ebf3ed13d0288cac5feaa,0x275121b5734bdae3bd97da0fe37f47450656cb13
0xa9bf1cf0c92424fbbe7c1cf5f8a1e8c8ae52da6b,0x28708b4dc05b99167d5060d27f839dd30356bd1e,0x84cd8d787d90763d4264ba7a0275dbd3d2d7eb46,0xb4f1952f564747011da69edcb19c02c6860c57e0
0x5cb86ea7c96db1e211da82a406d66a849f5b34d4,0x2f932c11b9ae7519e35f587591fd5a14f6322858,0xf2328ce3ab94e255cf108732a165fb8a0c3508e5,0x33f1cc56294d28d43ffe3ae85a41d51ba8bd0049
0x2ae43a26e2b6412b2a081f80c21e706ba5cb25ed,0xbc37ade07c6ca142c6b79dcc7419b3e0c49c20d9,0x7aa5088d6c2c04ad9a0c2ff6c917941ce7b0214f,0xfaad028313480e12a1ca9bb0481c2a2a5c63e662
0xf4c77207847408f8c4eb9aa658db85496fe08510,0x39aa21dfe91d767e39035764e8e6376062609a6e,0x0e75836772618bfcb9b9fcaf5e49a2767a8b5194,0xae4b1cac0549d56ffbb0b540c89fc4f8362dec03
0xbdf41fe8828fffc38e07d80efb7448a2b0a935ab,0x9de4ee4a9494bf2af8e647ebb0d82caa2abc2593,0xa335bed0dd4bd633e817f804f1b93deff3b71d2c,0xdded469f9b62f342225d7f03a9e7ea314d3718af
0xf159893b7a4b4adea67a78228c3b1d2bb253ea54,0x5cb86ea7c96db1e211da82a406d66a849f5b34d4,0x0f7ee3419d5c67743581e37bc4c92ab81fe042c8,0x887a2ca663c35fd607a1ce6db77e8a5365fe00c4
0xb2e22b6c9bfac91e29d57445668371557af47473,0x887a2ca663c35fd607a1ce6db77e8a5365fe00c4,0x9ba95e022ef786eb644b4a1065214931e720c7c6,0x8af712d54b9121b153d4ad3679652fdacd377b4d
0xb0f0b54c07a9e58b0718b966422517cb5942245c,0x84683d625acc58e20b89d26f71c0ac9bd1571584,0x1d44cf60b06b6f52801934e6aff2b1815523aa6b,0xc7239723911f718277a94d8edd48bb17364809aa
0x9ec73da393480b9a3ba04974fca5cdc974ed65ad,0xffa467b9b156bca59ad0f81341c27eade9fd72fd,0x99f3efd48939e08fe8e128f3b80f0f34635e7418,0xf159893b7a4b4adea67a78228c3b1d2bb253ea54
0xddfb5f05589fcbfb99cb7b5ce4d549980c65cf6a,0x732f967424ddc4500bbe6c633b625449c91f8993,0x8aa38222a62ec6f4d307915dca9fbdb43f21dfe7,0x71820065e3e3b8ecc864a25db91f0bab570c54fa
0x23d3e1762dce7dc47cd0905260363ed98316afdd,0x0889014a276c25a96d56f08818ddd43c193af38e,0x5cb86ea7c96db1e211da82a406d66a849f5b34d4,0xf98a95937950a29be9e7d57f2ccb3d8a932bb1e5
0x147572b44c6024f437454d55c3041b315355a16f,0xeaae1496f42552ef5e3a223ef2c17c7ec2ee8d1f,0xbbb66bf60f023fc8d9fd7017449c7e0baee2407d,0xa08ea3a60aa4a6468d7c684368a67ade6ea4ce4e
0xc4f1e4def1889509c25f7a699bfbe823ebd670de,0x0b560cc0e4464fcf271c359fcbff76b2b4d92b2c,0x5c54c281f85955db36b126ec42fdf0e30afe6eb8,0x5dfdbe90c4a08bcbfff02e9d54d1312ae9fa948f
0xb8ff2b58da9cc02747bf7559fc2a3078f71255b6,0x993a08dc407b34aaad08d63dd4ecbfa3c5c06abe,0xaa11fe18e052158273714e3b90afcdf3e0299ec6,0xaac1f318786ea6d5034d22719e47b6d2c4d1fe03
0xa1a7c9f062b25c2a3b00fcb3f9af0d8fe53ee29f,0xb8ff2b58da9cc02747bf7559fc2a3078f71255b6,0x617c8d671e65142f793a7f2bf7e9e56cb7163c9e,0x227e5b0c495f00d6d11d746dc397bec7503117b8
0x88f3dd34644dfffc6095d57b2f914b784b77bbb0,0xc7239723911f718277a94d8edd48bb17364809aa,0x480f85edaa49d0dbef34a3a31c60b89594b4831d,0x8319c3b023db9f44cd4345465811ce61a6ae9fbd
0x887a2ca663c35fd607a1ce6db77e8a5365fe00c4,0x31658aafa0c8a87ef1a2996c274bccbb81133c92,0x6c7dd55ad86ff808b932c66241f0b3dd982f1346,0x1d398dfb67dec9512bbbf6e54940b33bb4222966
0x582cb2bc4300f0f1af98fd5e93d630bab47838b1,0xa98e3003d154edfd8a2deb62b254b669eec68efc,0x4f2b5ffad62b361b49edff6eb9a4b0be7f5952d7,0x6bea06c9de4a0e643994c743f1138592708c9150
0xe398fdbae199893c109a281f4e8453ebbcf88f7d,0xbd630d63b6bb7a6392ef1d5937f16f124ff2a273,0x9a2b3002338b68223285e07847b164efeb55c40b,0x81bf8396ef3c20d8b0dcbf97f276a84ded4a39c1
0x9bc059ab3de7aa39d5404e256d75c0ccc2c1a59b,0xa9c850e06b49bc98d22dc913d005502f9e8cb90f,0x42d244f6b22216137049835ef105bfa846c05364,0x8f8a7ab2f6216763f6ecdc14daf369ead67b1ed9
0x7315c769d8ae0ae242c1d02cf378618ac91290c3,0x82578535aa75c36701aefe951f2705ce4bb01039,0xaac30a1d500e2d0bcf21265b7b6a10a2fd96fe4a,0x73f7d644ffdb981b6d85003d23f2e3655876881d
0xc7239723911f718277a94d8edd48bb17364809aa,0x8f9f60bb6b355e69f56f28f69eca0a7ba1ce872a,0x6ed4c63bccae0a7d2b87b9dc9111165510ce3796,0x62bd78ed9a0742a715ce741ff0b75976c33179f9
0xba60b6aa306196ce149fb4451a68330607f839a4,0xa5b588d40dd69c2ba87ece975e6039c028823a1d,0x94508e14a62897baf648a7782c1be9d87c8571fc,0x498ed95a126b8a90285b57b3993995908ac376f5
0xfc124f909fd4f417269b00ec06cc1f8d215f617a,0xce7c5480d657930d8e8ba3770d2ac575e4197352,0xa757a53960014d19d28b163bb1ef22afe8627acb,0xb8ff2b58da9cc02747bf7559fc2a3078f71255b6
0xabad833d66c2999cafec333f2948c628be1d4a53,0xa5aeff971522ed1e5a5d321a5b61779cdacdb7bd,0x000000d40b595b94918a28b27d1e2c66f43a51d3,0x104fb638ea7d31a71a8220a877b8b6fe5a439b3d
0x28bdd64d2f0fc775d169b72f8875f5ee1b28096c,0xfc124f909fd4f417269b00ec06cc1f8d215f617a,0x713769e97870fe7512cc091234673a22e6985560,0x27978cdd654d039f2da6a99beb70235aa34299b2
0xe740acefabacae3e125e9e4d7cecc351226ce831,0xf464f23a397c0283da3ab814ef591657f95e386e,0xc7239723911f718277a94d8edd48bb17364809aa,0xc4f1e4def1889509c25f7a699bfbe823ebd670de
0x039b69771cc77aee58830bfc61bd77ae49f991cf,0xf941d817856951f331ff98d145eb0b2fb0dd9093,0xd0f4e02da412f4ecc090407c8c239be44c559bb2,0x67011c98e6452332ad3587535ab8c99f9ea78217
0x000000d40b595b94918a28b27d1e2c66f43a51d3,0xb8fcd6bc4299d2d92f0713fc0c4d0695c50a6e81,0x82b617693cd905c4b3d56f58fe9aa8854cc8a047,0xbc603b1ead175359235f75006c94ce572862f2af
0x3b4cd2efd97a621910f961cb716794e2eb8d38f7,0xbc118d1fd9586fe509be8f508f4ca1c24f54ce39,0x5e9284dad9897521ef6347c7598078c6120aa9ae,0xe595c80d4667ea0bc4b52146f47b299006894655
0xbb5ba7070a44131bd436c62da2825a1f4c202dcb,0x4d10f26736fd7ed34ee71ee186d0609daa757ae3,0x4b72289cb00df970654e183626cc741a69ab4d77,0x8c72c98f40a7ead92f6e73a57b2fcb9f6867aa19
0x30f2b1ce68e7a98f05b5d8f64cabb8491fbd61b6,0x36847617e8f9406941d6db0fbfd576e8549415f5,0x01e4c8378f8c666df121088169a99cce38be0148,0x39954fefc95ab422086b71fd16da4e4eda5f9d55
0xa48a6db78979ee24d5e370b384617ed0455a2ffa,0x890b17cfa98f6b279ea90056108dd69b6a0048bc,0xa84ed271eca96d03ba4b19c5b894e7b61900bcb6,0xf00d980b525e7cfe351259a37efb72f077396eca
0xe4e30f378f9cded7968f249a0e737b6cd87f2bcf,0x5212fd1182a916da73dc815e2c3f15a4cc2896ac,0x082abc5df149f6a56b4b40319d5f414268f85e1b,0xb9d7ded9b76ff4be9eb7e89e658259bafd82cc51
0x5613adcc6d9500595dc758f329ec3da00647417d,0x727ba68d30587b14e56677b39434f393bc1bbc1f,0x3021d2b90342c062d46e4ce24f311824e4d66ecf,0x2af58f8e2711165e84611ad07e7b6503f7341727
0xd24d0c7aa5011edcb09f6bdbd2632234c0ab4859,0x0d532d2db60dc4b47fe144ee64041520d2832b67,0x42c13dd176aa806aee89976a006303aa9e0fecc0,0x8587839ff2d61b88a2bcdf4f231faf9bed136d0f
0xe113ef89dbd453309834d99bd1efb63f2e9c7edb,0xa5993dde8805db31b74a8899b15765e48ac9c55f,0x4c7f6919bad076d9ec5a04322d215ac61d52ff2b,0x607538488d455f05f046378c20f078631b184908
0x71aa084b40bbb02492d1e132a377140e3271f588,0xeccd4d9fd04d76a8f5f8393cd1868a096e154c26,0x3b4cd2efd97a621910f961cb716794e2eb8d38f7,0xa9bf1cf0c92424fbbe7c1cf5f8a1e8c8ae52da6b
0xa32cd31707e77abecc6b43171223c48466831d93,0x748509433ef209c4d11ada51347d5724a5da0ca5,0x6ae04bd89d9cf9150d5f3941f2b98d9a2021a49b,0xb07d1afda28624b1e0105b66a5dc5abe0cd8c7c2
0xd2c18e8c28f478f93f85f544ec91c876fdfdcc97,0x5b49444be2a0c78f643c13e8d468cae02b3c79db,0x907fbcf90716929cc5fa26b5cf6d96827d1cfd80,
0x05af60bd0eac6570f6c9ef71285fce4380920591,0x3b4cd2efd97a621910f961cb716794e2eb8d38f7,0xeb4b93b3110185d1e825aafb6b368d7652925a36,
0x84da6e62fda6ea53c1b2494733f74a4fa4bd0125,0xd42c2c99c2aab73e3f7b3089f90fc75551d354ab,0xc411abcce406709353556daced0368dc686b6994,
0x430eb0c252aedb877bf4e503f58f69d74a067453,0x8395dcd89108872457f3013753c67c7199880f16,0xbc612ebcc70b7f9cbd8903c05f684396f22eb0ce,
0x77c519b3625946142d2e903aec4a8b0f525bba1c,0x7d5a857d0f34d6990a1a60ca373a7b4f89a8e471,0x1f49d15214f6910be11e7096c0856b4049c6a94a,
0x1a4b77aa33f0fcbde2f1a6bdad2004cf938c34b0,0x6b75d8af000000e20b7a7ddf000ba900b4009a80,0x51372eae33e9727a848049865593b567bcf77e38,
0xb837579c54776cd4a9d9683b76645b38e8feae09,0x7fab7df6782e67df7caddbe2d2222521fb97af1d,0x15b81d6e3408a7554411aa87142d802f02fec4f6,
0xc1ce97be86af36258fd4634ea0f63f13ff2a9988,0xf8efff03e79ce9598e4cb5e568aa72d76d46e4c8,0x88f76e34391fde92e4b2ff1cdf864b9ee78c2ab4,
0x09e80628cdd0d87287d8e1461236b7770f1e3117,0x6f10c06d002699a5129f014c59bd6c09ab9e98c7,0xb8ff2b58da9cc02747bf7559fc2a3078f71255b6,
0xa46fe2f62ea8a67988d5d0e232a2a409569f208e,0xc3124f1e753a6b3b4bcfdf204f0e5f7f244f6707,0x2cc627994147c43a0e542988c5fbd2a282af897f,
0x34b30865961f2c64f3cd76e7755cb9d742b678fa,0xca317ef5f8978c36c1065184fde08d9dd7c36cfe,0xaa2cde19badbeb021475d4eb67e81b2c8bd2035c,
0xd2aca3b88cd9d6bfa6e8b01236d276ec8a6c9374,0xf54e90c6461c4406dd941447c2650390f97b7938,0x0df6060814aca96cbe2cce1b179ccd1283cc4d21,
0xcccfde9aa1ee48eea089375689d95428132abef2,0x41eb850289c88342ac4f6290fa021cb6e74584d4,0x67aa221c0f15c66530614de189fbeaaf93cd585a,
0x287b780da1de8f332ee9a7709822217e2f24843a,0xaa7b2cba2a9a44abec2ee1be5458b76293a736c4,0x624c1f98b74ea9d9637b239d138219ab947a817c,
0x3f7b429037dd4d0f2195ec30c858dc1ba63b4097,0x1d35aadc4cb6b5eedaf17b9519429485d05f5818,0x774bb8e606ec681a9278e4c13051f093ae8a058a,
0x5f6dbecb98bc493b2197c2ca1d90c69745b045f3,0xda88e96915250c781747d4d5265a7fc240868b34,0xef0468a8dfbf8364a79a97832cedbe79b90f3b3b,
0xa4fd75bf3662d61e92c44479a43b00cb75c97028,0x2c231bf7dc5a13527e8bcc3afad54237a1bbdac7,0x174ae5a36f5dd7591615e96f158614723a4d8e4e,
0x016ea85139d7d4fe6def32354a26d00541f5d310,0x2db516e9ff933450da57ea8a3df3c5e70643cd67,0x72b3f6908f19d7420339410f4436b53aad562d6f,
0x607538488d455f05f046378c20f078631b184908,0x6160d4f95dfab10d13712e1497d3e9e2e74dac7a,0xb4b65cc0bef19f73298836478399a1da0d2d80c1,
0x3162f6c35201518a838601085dc3aea646f222fa,0x05af60bd0eac6570f6c9ef71285fce4380920591,0xb15bed8e5a4fe59709741a043ed939da5e42f0e5,
0x0183e28d97f00f5b2bb942d7d86ddde14268518f,0x7899410db3389ff9888b007cc52860b5e96eb976,0x9a7d0631ad94d9b6b38263616bfc7d6c5da8094b,
0x7bf043f45d89abc17ef3605ab3345c65c33e6e89,0x3cd6de856d1b17a8d787216935554614f008d009,0x10770cb0298b53830384c8d7e2a8e1e77551cf77,
0x67011c98e6452332ad3587535ab8c99f9ea78217,0x5d15c37668ac0abf5d35962ef3af12423974c0a5,0x48f029637b48a20028505fd25f11a6086d21f054,
0xae1ce733225b49ea752364034b9908ec9bf4ed58,0x2af74972c2b3c7f2b7df0b4a661ef97fbfa2ec56,0xb91a942255af08accc148175a7cbeba1e9203477,
0xd259994566154894118e3cf1324ea94e1a05433a,0xb9e3dec4b9608ab8b123c762c24a1884d20eccc2,0xb49715ca7a6e0559cedabb5d8bc3ca4eb12b28df,
0x229d8059ed1171fbda1eb3503c2e7edaa2b6695c,0x2d3dbcb2929afe8e9aa700ef41d14fff85bb91f5,0x347a88646d34379fad61476f8ccec25d6620b9ea,
0xea0ace6c492248957b7fdd570eca12b6842fd7f5,0x4763251ab893e371ad3b062891e2125a45cb5131,0xb5fadef38f7be002554b0bb77d65bc3f2a33fd2c,
0x89d90e47ae859ac9fc3f60d13ae481e9fd942ea7,0xea0ace6c492248957b7fdd570eca12b6842fd7f5,0x6fa97e5efa6e316cfccdc0211d84c351d0e3f26c,
0x9b8fa37f186370225eca1ff2c58b303e2e4286ab,0xcdfa6593376140c531a7b81f71f6e852d69f3fcf,0xd525e1b7ca4f92727c78a5d953096a3573c3eef0,
0x24f94dd8773f9b3808c344eeede5d855a036e624,0x6bea06c9de4a0e643994c743f1138592708c9150,0x30871ad444788e788e175b9fd0ab1cca288f70e5,
0x53ccc66626a3ac00fc7c8d501b2cbac4267d3956,0x73d4fe6c23e50cb0930e5922c658affefa30531e,0x6ffcf0d22db4cad734a43df83c09c998a613c447,
0x868211d7c9811c7adaf293861920e37f04be2a47,0x542bfe25554981cce79e9714fb123766e60ef179,0xb569d8fed4adf398046d95c9fdee7416ffdc25c4,
0xa9b23e74fbe877159ad69a3772c26d2af5d081ca,0x13e111f1c6cba7e80dc2d6e24ec61c3f0f05af78,0xf0ac9b919f1d951e413dc7817debc5d3765a79e4,
0x2b2ee5a5858ca4168a296326e7013b76df8132e8,0x471ae9cf5be344aad37dc475b1c3256615605a39,0x9232a0247aba6491cdc733c2f16f2715cc1541b4,
0xb081ac3c886a597b348816e9d62e8c7a1f23e788,0x6c69e94f1ca1baa847c6f14edf6fe027b65a9825,0x1fba56ecf912271cc27a74a96972e783af30f932,
0x0e2d69f9fb5b8c49dd2b6ea6926829ab0eb8e1aa,0x8af712d54b9121b153d4ad3679652fdacd377b4d,0x6343b307c288432bb9ad9003b4230b08b56b3b82,
0x0b77fdfbda10abf90cbe48864933d674a6e328ce,0xb540ce81fdaa249a24ed22debc13f4ec93e3d69d,0x04f2ba567c378c6a86072e6107963e80c8a6aac4,
0xbb4d55cbc9568290410729455248277efad70306,0x77aab059d975d9e0e2c5321da91c8ff47c340a98,0xc319a5ede3463d539118e7d8c42464b974465abd,
0x8af712d54b9121b153d4ad3679652fdacd377b4d,0x37a8f295612602f2774d331e562be9e61b83a327,0x84ab4cabd0e3f137ec16fc07f60fd48a3fa991d8,
0xa91368518c9d03533220ee7de3b1fe5c2ae20666,0x946d9757fcd3bd87bb7dcc76f8e4b0c2d0ee5b8e,0x206edad99cfabb50834949d124c21802661e853b,
0x220a5315262e0ee9cab68866c084f124bf0dcb60,0xf17dd35442ab7ab1e9f4b6fd9fdf0ecb3e321e01,0xe437f9ab338a670186d256ff0c32b552b0c9b20c,
0xb4742fd474cac814f5297502746c9a97c08a0a2c,0xa5367338a7ed2e1387f762aa0fac9275b917690d,0xa3c212a9cb16f563aea84165443c900c6495504e,
0x9062cfa5986e64d45d82267d0758e3b0347b5aaf,0xa91368518c9d03533220ee7de3b1fe5c2ae20666,0x0001f66cb18776f6c0e2184b60c4b367a2e08b6e,
0xea4d7df915e933a3ae72aa15be884c68f420253f,0xeee2fb07df69ca029c502e3d8322770e9254b217,0x2db4b8abd5988b777cff0c40a7cbfc078799d6fb,
0xaa6f40526335cc94ef79f0da8be12ec69ca51dd0,0x668d80960fdff152000656555649b0f7b0689eaf,0x887a2ca663c35fd607a1ce6db77e8a5365fe00c4,
0x2db4b8abd5988b777cff0c40a7cbfc078799d6fb,0xba60b6aa306196ce149fb4451a68330607f839a4,0x35d75dc7ea411c9d1168e9c73db376dee5bd11b5,
0xc86f2d41089f9899470d4eafa104906664067bdb,0xb8c25c14e1ffa86d7b1da5181f7366f25871c143,0xbf8977d19dc8ecede8260ace9d3221549ea829aa,
0x6a9a95d4d660ba9db3b81f287f1b454128d56b8e,0xae47df33227915e689ed0cc31e2fcea89af8f398,0x877012f881e4615c794706a1ff435d61113595ea,
0x9fcb14ebe8baf3fd6757961704d3f40dd74dd9a7,0xb3426ff74fad8181a1dc73c1935a79a6fc701111,0xae7891128aebd70cd3c3cb4e7834532c4a9b2359,
0xe63eb05169e2a74f89236cd8b67fc4ad78d0b2f3,0xcf480ed4a7b231581e52d80543a805ccc55b4338,0x4a0f5eb7c1395b6ee0e20efb8349758c75b09ba6,
0x67335abb8f6082e6f1ecc8a0a6bb42b52e18bc45,0x13ec7a7ac1be2e54662f8fb90cc5ef0efd9fb8b5,0x8b78d114dcb95fa9370043014fa3e4a0f3e35967,
0x98cd1548e4fb127f0125aeb2e8213b34313db59b,0x71864c586f2c7a141704c0066b029d2e21032255,0x8b37faaecba382a774b47a6359a3024d41942b09,
0xfb0191f8d3a56719fc0d8404a9943d50eac850ff,0xccc0ad30d5d60ce18f61d50afb1ba715cccb90de,0x8a5b0dc7dd0ac73a50a1cdc54039d37c1bcda21c,
0xb540ce81fdaa249a24ed22debc13f4ec93e3d69d,0xd26924605b9ffb82d9ac0ba12a40c6a3a6a99138,0x59eef91e77f6324dd3d899f211f446a40774cfd5,
0x276b38c9595b1d57bdb6a28cd7c49e602805c1c0,0x457842b4fe9e58bf72faef150743a6be02bfd9f6,0xd76ff72b1def6908680fd6c59e1b943a6a6fc796,
0x406a8726f729087238f6e3b7051bdb1c9d8615eb,0x101b2d59091675f05b31980b65b1f9cf744baf27,0x5e12511f2ef3ba8f2f41c71b9395ed800f050bed,
0xee5e533833edf7885dda3f6e4e68988bd8cb6998,0xdc5d7db18e2f219cc7cc75ff541875b8571c2c46,0x025c458939afb5d8b8cb15ae6adf1ce135bf5b9d,
0x3dc0f71c448154ff8b2572ec812964ed2a58ed3a,0xc4f1e4def1889509c25f7a699bfbe823ebd670de,0x924e46cda1104485142a66eb91cb09bf5e9a1a6a,
0x33c08035b69702133953f456aee1a274ba77f643,0x94918814e5091e4d45f085d630201dfbcd7213f3,0xa85abb60d71ce7f59057f7fa9da2199479e3afb4,
0x4c248dd21cfd7e77b800965f6b33c636de05d2f7,0x28bdd64d2f0fc775d169b72f8875f5ee1b28096c,0x812d2fa2d9d3f9ef502234c288d963144c8ef11b,
0x791bc2e9b8af6463febc52fd500399a3a7395ce5,0x4944979d4ad36ba38d611c79dfc0649ab050badb,0x69d620c71a402090177ddba91bb0d836891fa046,
0x11f8ef3d39ddfdaa6b7276639d6a4f791c28b43f,0x80f484840e6115c3cf798a49a5f32a489bd058cb,0x5b234301d898d09eda516e7dcf1839f1a9cb28b2,
0x87b5acea5ee92221a726cc0414ee60e2be3b8c7a,0x612f371c5eb5fb7d6f389950a994576ea59a6c17,0x6aaadbab040902e438327674debcdda5de0045e3,
0x4db7532adfd6a89a781e6d6954a46189ad144689,0xabd542c63b62139a2f9b037a91996864b2a656b4,0x8af6e3f2ef0575cd0c0c2f85ddbc69a78656502b,
0x01b963413aecddb965a6ac2ab028358e8be60e7a,0xbe383fca9c9c509082ba0cc0aef65ca7c4fe70a6,0x8f250f806762a973c3940375dcaae6d0be5697e5,
0x0e1a506cc0960ac8e425c6b06707b4f0fe4d2d1b,0xff8f9b5b1fcaa5c56fb5c06df0e90841a64b634d,0xa98e3003d154edfd8a2deb62b254b669eec68efc,
0x1edd320412fb14f998ddd4c47e2901e2f5f16b69,0xb9bbb58b95268ae6558de3395f0445e36c042881,0x3a208aa31fa9e0f78a98b8282aa999e27b1a48c9,
0xd70773228793faa5e7de55242774c0eab6368e8c,0x31829f4048ebc330c817ae6be7a7632c58706d9e,0x219c1cb7e6b90b0e60e638e2663ee0ebedfef0c5,
0x36e0a90292515716452e46b2f56460889091abac,0xde11434a851f71c05249d6be025a5c8637622968,0x19c38b5202b2e0daacd7c39da30a1ee46b8849ae,
0xc75435b530efd31c523814b56c62a2863b93dd79,0x770b10c1330f617c6fd43a2d9e0ab65519a3b47d,0x7b029890592413a7de72e1d6f400bcfc40945236,
0x39b2414f72db8271dcde42d12fbd4edd9eabc505,0x012430e20bd79e6364cb006bfb125d3aeb1083fa,0xb1204e9b1de39c2a1b9f8aa9fd07253bb25b50c0,
0x3526f09aafcebea8403f46d71f924f3d7a4342b6,0x40c5cafa0cab33fbaac68de10eccb28bbf111e2b,0x3fe3a202e1c00efff84d85f74777cf189926c9ab,
0x096ff5adf4176747017f20ab4eaab22f60a38e99,0x285f728ef4e3c7eeb2100dec28d5f7c7cf4ea33a,0x091cceac41e45faa8d267251b528d0a8188dcee4,
0xe6c580a13f1779724fa419ca03f10c578b41aa9e,0xf356800157334414a0b1a7ef39780aa924b76cd1,0xcd9a7944fc4c985a18c6a28dc8679825834f23af,
0x84e66d62ac14ee9a6a5ce8d9beaffce67b92ad3a,0x9941c61a2d248392473175bf4cb5a4a96d308c61,0xcec97413d1aba253e721add949437caa1782e2c3,
0xcf0a295fe12cdb060574f5539f9b091cd689ee0f,0x263d9f4b8e021aaffed09ff714e2bcea7eeeb660,0x995bfd03d348abdb4ec3af46cb1a22469582313f,
0xa3466101930ef474f9c328d5c041b5b7808f48c9,0x868211d7c9811c7adaf293861920e37f04be2a47,0x37e18b26d5efabecdef78bc20131ad81b00b4b40,
0x963f0996441906cc2cf3c784703f108ed0c2d411,0x5d3041e8097270f076c69ed2667c73fe3c0d0bc9,0x6023bb27b7dca92ab884339c7fb34d59d806529b,
0xe23e36d6cbe778f586cf64efb2f3d9d6ff2b624f,0xe419f895c6711b6035448ae6e4153791f6b4bb62,0x64483c344dad68c91142f080d09dbfbcb9571b46,
0x67de543de2f23d28bf33a5db50a4e1f925b161dd,0xf8971129a2f46dc200437d3febda6675a3038640,0xe0058caee93c0e684050d62e5db8a1eec927bf4d,
0xa1952f7f47c04ea85ad6f306cb12c3d5f122c360,0xe98af05f67f30f56a2158a6b9596d6bc6f1b2846,0x2752716f844a1c8ec7ab3978d8b577e32c1226ab,
0x67716295d04a93d2c6b42d3cce63a93f7f41310b,0x4f435998d5b56357e1a8b952fbc7920b40910346,0x955ae4c4d4be973111a0df97d9c6747f05b01dd9,
0xf973db6443ad68c640f88ab7656eb1beb97ee5a8,0xa46fe2f62ea8a67988d5d0e232a2a409569f208e,0xf159893b7a4b4adea67a78228c3b1d2bb253ea54,
0x65435dbdaa419045501fa6f765f2383d2d23ea46,0x357c8d7fc03b6157794bc7ded07ba0b553dce10b,0x51c47ff91c9ffcbbe3e7ebe3dce9f317453a75e9,
0xc82dc507d85d4d4d9795911d0b2bf7617e188ae5,0x24e7c32620b833f57af98c67b79552b7696afcb2,0xf8efff03e79ce9598e4cb5e568aa72d76d46e4c8,
0x03893a4db153503c7d83cb67cc477c6d4e7f0f76,0x430eb0c252aedb877bf4e503f58f69d74a067453,0xe622a7f533a4b9f21122c0657294aee3eed58c29,
0x0bb52ab74096890902f428cfffbfd0b1059f1697,0x7fcd2a2c43e329ddadd65b567e72b43f916ab0e8,0x06beb3cef9e23f28e6ba9ff079b22f175ed7c4d6,
0xcd05be1cbb4fb40a6845fb8022bd15752270fc14,0x915d570d05f252a79ea58f62ed14e7870542c8f0,0x83421a0b896ef0416e7670406c30b49aa8ed5bf3,
0x776e4dbbd723888b15a181d3c7c8c87cc17ffaf0,0x7b2c630b0b3044631287c723d134451ffdc5b2ed,0x399a2037ca7f3168f7c6e0d167f39306cb12bcc0,
0xa18b60fb86bf140956351c0d26125d97406de393,0xed827db5f3ae5ec9f8b5a4604db2052909218d06,0x52c83ea66e207eb4c018aee2ba67e18f397be3cb,
0xf9e1d4cc7c2f30b99ae2bd8525c1ee8adbd79654,0x33073e3c26db8c3451edf7152ee22bf7238c37d5,0xb018ac68ae2979650f8482d1f92b12d4ad268948,
0xef2d9796a460461dde4604a578488e4afd2ee744,0x2db4b8abd5988b777cff0c40a7cbfc078799d6fb,0x24f94dd8773f9b3808c344eeede5d855a036e624,
0x3858c36cb6df0a03ebc5aa429bd030f554bc21d9,0xda48b330d1f9b3e86f3d2219cbcf8dfc32ad69e9,0xc2fa9e5330c590e5a04501c40a98b8388ba79fa9,
0x6c712b41f00f75c45e5abc7c47e0a1a9b57009c5,0x8d4b1b7e8ab2af0384de1ac5164a9877571c840b,0x093b86b4312f08944da8eddd43793ab4206d2ccc,
0x385ce1e2acc629cb20e5a41f583adfed9fc3ad79,0xd58c5f91b4fbb6074105f167e0b32bca0fab5ab1,0xd1bdebc72b87b327b1ee4a02ea998806f1f114aa,
0xb93c01d4ec1ef65b438378650befc481cf7ee854,0x155c4865f55d9825b0512fc185b518f65fb2ec5e,0xe47a9c9c08a78e60afb4cc925c4ab94b21591efc,
0xac3b5b2fbe790006d58a5941daa67c71c2853542,0x607538488d455f05f046378c20f078631b184908,0x66d3813ca770e94809adc40ea1c5787168faa7f3,
0x37a8f295612602f2774d331e562be9e61b83a327,0xa7a1cc8e34809807cfb7c6f64dbc6eef86eec591,0xffc6139a0a472fb9504c4505aec1137918e1a7fc,
0x216ad14f363a7e46edeb235561764e9b74b835ce,0x2d2ee6478397ba3923db7aeec852121d7cccc13c,0x5d3ff3625c6af464bae54f15618ce733b35eed04,
0xd08c8f0e02579b0c7e125f5ba9324a45af8543bf,0xc8eeb1cda1ceae5b41120d72a94e3702178b8e53,0x787080e3a027167ea0d078dd7762cd00ce09b230,
0x0767e8eaa49fce298d39c74ebcc5707610e9d49a,0xd58189d6fbc8fe3cd3e9bd364f34afa23cd567ac,0xf7e6792c6c44a9f56f6b59f758568d323f744b9c,
0xbc52c7441df3873fb8a01a2e2f1ba88fe9d202b8,0x20c9858ccd96d0abead29160fb62d75bf16b742b,0x7fea79af868d69f64c502256f4d52a21cd117ba0,
0xd0c3d698bd088777dfba7c8323e9536073b451f4,0x74e3aba6f01047e232aab40c186ff788ace25280,0x8137bf88577426148c719efa32cf4cdca03d4df2,
0xba12712d046f2a0526fd92557a57cd738d1fd96e,0x0898305fed067cebaeaeb812157ceaa95b75a704,0x376a3302416e519e7f44a43f23389c47d10fe055,
0x70ee4cfa9ec344a63c26b8d8268e7cd6c2c8911f,0x3d27bf99fccfac60903af7468e24a29db90aa6c5,0xa46fe2f62ea8a67988d5d0e232a2a409569f208e,
0x63852f27bf37e790b54739e4e345a5c8d0fd5eb6,0xe29bf8451cdbd536f39cc0e06284068d2aae2051,0x67011c98e6452332ad3587535ab8c99f9ea78217,
0x2c610574585b739c589b49c8a9c8edc891962a55,0xb6aeac75c78b6449edaea1950e055b65fc16bc6a,0xa177a17d092e38c56117f4ade66b94a33ee8f2df,
0x4f82e73edb06d29ff62c91ec8f5ff06571bdeb29,0x7d233fb1ee02d71849c4bfa4a9fbe57e57cc1bb3,0xb734e49dd9ba168590e6c80846654891162bc2ec,
0xc7dd95f641b58afbd599c848d101a7029d10282f,0x170c647de5559aa3def5af0d3d7a3f103fee3bb2,0xdfa3af21dffa72e7fbe69495ed0f9cdba430e2b0,
0x074c43d75d655a032b07453c8aa32cb2c35ee510,0x1a30cde95b0815a3f9e7070ceec79b51786f5007,0xe0f851bf7e6f9a98fbc9e77d8c1282205836ca3b,
0x993956913267f3886fe740ac61d6c88c364cb366,0xefc1e76f473ffc401c674b6c17716a0dab61fcf8,0xb2bbbd6b80a09bd8919660be10829767cb10e453,
0xfd6e8229bf08e1abe3e5dca1ec746c301fe1c1b3,0xea4d7df915e933a3ae72aa15be884c68f420253f,0x9152f7d79b2eb1070d9fddbae541036fe8adad38,
0x96c195f6643a3d797cb90cb6ba0ae2776d51b5f3,0x5a85507cb3e8e16888c07f225648d9b5ef22b60f,0x2d35676f65516ee903ae9a5f340b98f449650369,
0xa11cc6ac1fa5b04a0d62e78fe967dae9e56203f1,0x35e4b825c5929d6107ccfa5d72c8e49bb8eec4e2,0x7a26d77375d2e61c78cd70f9bbe50d7df72ebbed,
0x0e8e6fb25cb7b042908697d85b16717e6b61031a,0xd9bfc1bdf09a1f2ec395106a2388870e219f28e3,0xb540ce81fdaa249a24ed22debc13f4ec93e3d69d,
0xb8159ba378904f803639d274cec79f788931c9c8,0xb6764607c69c13cc66205bf80eeee1b719a1bda9,0x2e6ffe0ce5de959fe3fe9aebeda842abad92a767,
0x9008d19f58aabd9ed0d60971565aa8510560ab41,0xe59686babb9ac92f4d2ee74cf1ac5bfcf73ed283,0x7cbe79d43e46ace6f87f25a564a1ccf251f91859,
0x7f1fe3623c60195233782ee390f98be7e4ed2b47,0xd6a03959a4182a53bdf382f776bb792977875bef,0x079a3aea5ea00559f749859a3cde80065eff0c4a,
0x6b75d8af000000e20b7a7ddf000ba900b4009a80,0x2889853aa905031292d1ad23cde1e75b6da5bc67,0xf697f9b43343df54398a7a9bfb3a8b6b439ac753,
0x0da2a82ed2c387d1751ccbaf999a80b65bdb269e,0xb287d83c783bf0d4ee1bc2e63f277ac6088cae95,0xc5edea6a3156d31ef71baf9b0ccc8b73ae58e3f3,
0x00000000003b3cc22af3ae1eac0440bcee416b40,0xa85abb60d71ce7f59057f7fa9da2199479e3afb4,0x55bdab88c0ba8bb1913a9ed1594db6c9b77a9ac1,
0x00000000a991c429ee2ec6df19d40fe0c80088b8,0x0b166fa24f6c3e899c29d511657902bed3d35ddf,0xfc31e1b9349e678828e5267116aad15b1ea8f5d1,
0x6b974f0abdccfdbfca4cd7cf42ad069b1f864337,0xb5b7df0611e9d54549fab3d5b5e04b0eb10bb776,0xc86f2d41089f9899470d4eafa104906664067bdb,
0x33ac78c18e906653d8745ae6b7e6473aef4fb9f8,0xb081ac3c886a597b348816e9d62e8c7a1f23e788,0xeb5c88fad7359d3768943a9c39f307115befb86c,
0x93ffb15d1fa91e0c320d058f00ee97f9e3c50096,0x7e770fe5eff3982f35b2aa65dbcdba73cf63f3ca,0x6a5b2ec22a7e22fd1592427adf8995d6266c8c53,
0x00000000009e50a7ddb7a7b0e2ee6604fd120e49,0xc38fa6911e47a29ab86fc896081b897db5005b98,0xee637698ecb5b10ad00c0b3a8bc3e0364e34e2fd,
0x00000023c10000eecb940000b914cdfd76cc83d1,0x63b225abe4d7e2a731646acfc59e6f69b68a35b8,0x700d2bd78e305476375147b26a29dfc83e87d87d,
0x429cf888dae41d589d57f6dc685707bec755fe63,0x37ba850c22aaa9164088c358c520bc75d55168fa,0x8870a062d8a1ff4125b99fa37ce87211838f4bd7,
0xa0ca7cdca40d45887deebe12d93331617ba3004f,0x2fc3b3c50957f590148314aaffa92e922c2181ea,0x229d8059ed1171fbda1eb3503c2e7edaa2b6695c,
0xce9dcf639838af640c53ed053a0c3708acbc522a,0x1edd320412fb14f998ddd4c47e2901e2f5f16b69,0x33c08035b69702133953f456aee1a274ba77f643,
0x7715ad9ccc2a68fd32dae3283453c812a852d838,0x6921497b11a6e06bd9ee99aa27956fd8967a132b,0x382b0ca8a1cba2477325374169d8517154cc800b,
0x51954fcde2e99206af13d8749ec2332f99d49060,0x53ccc66626a3ac00fc7c8d501b2cbac4267d3956,0x8d18eb0c1058af9d747a6d9391fb4acd0f332e8d,
0x6b1c2cbab0e598dae1b85151b4739c7d704e1337,0xcb4fb05d1727faa51e1052e230e8c65f64423c36,0x374d3cee5dd170c80cd15b47e6290d2ee73001d5,
0x1c76e6bb1c54e925ce062c5d809eb5cbd04ea22d,0x066b3ac55e893ca865975b9a3e50565346940a79,0xbaae67ee9a7da3ea66b1078ffd4f776c8f3d683c,
0xafd495a64971fd1fe26b20d7c5e55fd47912c068,0x6c444deaf1fa8d4d872707674cda606870b2a7d7,0xb9d7ded9b76ff4be9eb7e89e658259bafd82cc51,
0xb04689c82a7138da73f04fdac53e163ac080b91a,0xc8f6231857de6f9b19555e26505f3501ee11cba7,0x5d1d439800c5cea8cf20118adc4397b4b54f11f4,
0x8c29cebff545754c5f64820b6fa49302ecd0e48c,0xc4b06265250bfe2efd54c9a989b2770de39f104b,0x2a93e999816c9826ade0b51aaa2d83240d8f4596,
0x03c65fdbff50d9032b7161cf65e6b10dad736692,0x40d333ba04e231a3c116650ab296bbd0be8dc855,0xf0b6cdfc7ccbfdd70395c7f10d399858753750f6,
0x87d6e538551226b2cc8c3e3c33aa4cb9866d3ff8,0x9fb97cfeea4bc0bc5cc304ab2618fd975b21c5a1,0x1d840f62a2dc3d0328fa0740439a103712607b2e,
0x491cb0c7a1dd35ee5052663ed95f0152b953d21e,0x37f1dd83e7e9c41c455523b67d3d8e2f4d038765,0x527f97c370d86cbbf5b01956767f4ee6f4ea9baf,
0xd65c55aa64cd85e57e96fb5b1972cad139dbdbd0,0x72943201b78288ef82f026bafc2a59da315547c3,0xa335ade338308b8e071cf2c8f3ca5e50f6563c60,
0x075aea5f9db5ccc170e2d0543710e3f04c911166,0x4d4ea9e0cfbe7cb9a5599a52fd923528ce21d167,0xbf3679da4b918b6e7753fe0ab2a2dcae4194a871,
0x32d94d3e3750f02c6502663927513bed09fee77a,0x842de4a97504df00595c233a6cbeaea5f3da7e1d,0xf891eb612e8f5b31f4368ba490b93825044bc6cd,
0x425f505aabcb44e22137dbcf2b1e456b71855eb9,0x639c6476c4b2dbc86dcb04b16b7dc900f7b7489a,0x04766906092884d4e5c1bcd40e3e333aea92fb0a,
0xe8ecfb2b8b989fc642fabb2fb74d82b9897bcc6d,0x6bcd62757f1b814d182b31ec7766ca0454734567,0x51a6d361a320ad433d9157c04e6673cc1df3ca3a,
0xb49e2dc1194e0a459a534d883f4d7ff08c269266,0xa542e2f2547115d26e3a25b3446a9807e4e8d51c,0x446e435cbde34b4515ba53f4a3a0227170c118e2,
0x1698c949875760cf117896ad9185e838d294c2db,0x67011c98e6452332ad3587535ab8c99f9ea78217,0xc50b86e7adf1c3b5d02db8d20f9e37e243be984b,
0x94243f79880c9e9f68e77bad5786d7ed52a5bcb1,0xfb0191f8d3a56719fc0d8404a9943d50eac850ff,0xae6efefafae96c3c8f4a5500618a0212045023bb,
0x719fe893d9a6ac5f8bb624916f8c1ef2d1db1e17,0x90900248adcbc74212a3da4853cb6dcb27bf5c2f,0xc7c2e1d00a902375cfef7b1431241f3a7fff0f56,
0x11df81b24dc0d5e4bafe5bf6e1a1e0aeabf75592,0x8b1b6e0948f086cad210e271f7d1d57e436a768c,0xfab2ef1fde923070b40dad057b660054a41d7bd4,
0x866ceb9ec2a8c3be0b3b1335cb68b3efe1f160d6,0xbe4d1b8232cbba927b917f351e786c6a132199c8,0xd2b56eafd0667c009428f3925275e7de60fc2fce,
0x34a5c06f1d2f75a8fec9a9ffb4fb5fae46c841bc,0x73e5eb1df67fc40a8a39c1f0e1276d8c5406f759,0xf57ea7e25f223e1d97bb57716e1872d5424e44e3,
0x7121d9025ba75efccfc8b2303c2228ed3f510e72,0x10fb6c1336b39706f638650dac6e0983ae6a5c85,0x563973dbbece02dfe51ac71a5cb48cdb1ff6c151,
0x5978732b50f8cebe8b80f8223ab9567f01a5e9d0,0x0a001c4599a737f02fd6df8fe85747f72291e0b4,0x06208a3749ee5224da14fc1c873872a0ae426f07,
0x5ee25dccddae6e4ad7db5fe57886b2976133764f,0x02140f25e045f165cb4c9d80b68f570469cacafa,0x42a88811e43f7e0863a3fcc65aa116c1bce751ac,
0x7ece0cab1280f7aceb6e0217cb284f6309fa75d5,0x0d11ec548e05be880bbe7bc13c6d8092093db6d5,0xf577c329e7f756252ae909374fd86c12b0e27d6c,
0x825c8a9bf2b1972b83a371c0ddd85322a505997b,0x0e902e6581e8568a6e49ab877e653844155f9cae,0x868211d7c9811c7adaf293861920e37f04be2a47,
0x3f887d4d890601202d847514f81268e33ba281cf,0xf27ca34216c0c9e23f31d9acfbcbb243943ea180,0xce61850d95be0237e76745463bc2ee4426fc80e0,
0xc887f8df45bf1555af13116246d6bb40d8db816e,0xc48bf5e14a50ba7dda04630fa3a5c8eb5bd14334,0xb9e3dec4b9608ab8b123c762c24a1884d20eccc2,
0x0fa0fb7fe6912e2c57497daba43ff23dfe9e49d5,0x7b944f8ae16141ab2b9d111b45a76b1cb4af8059,0x7b7d55e497977b35cd970cc235dcdbd5c860b861,
0xfae3e89e24b63234725cb89177a339de254304c5,0xfa0eb5383879b7286b5480db9dc8164b0d71cfc4,0x3250f10ab3d997efd30306331c0f592fb853aa72,
0x85ae64f9bca7c47f3fdc3e82979ec5c57c0b3a9a,0x26d0def974a96ae9f707cb1df2a3b6a9b8648e02,0xa49b66ea7da052e1ea37e5e61652b7a4a0e8028c,
0x5a22ff882603453359627ed17cf63a6a372e7338,0xdca4c17a55e7e3a3e481d951d41b113c0aa65f70,0x500d54ed146bf2bf39a4c054f07c7240aaea0c57,
0xf91ce950c0fd6b1e48263932c014b50d09e5f51a,0x531cb4cc90e776c181d685787f85a5707a72814e,0xea4d7df915e933a3ae72aa15be884c68f420253f,
0xc993d3c1c93865d891a4c253aff6e3b4457a79c9,0x548a77607af4991a81711ca8c7cb2fe029c2b0c8,0x4e95756e2032f2f601b82b26b2bed8ccba4237b9,
0x46edf703b0b0a971e97be5e27a54232439e5ef85,0xd81d41585d5bb3f055e507cbed3fb7b6bb952c03,0xdc8954f7171ea4925830a15b66db9b72d5048d3c,
0x7fa7f62139814e966e9da08aadef7c9cbe7f6976,0xc139bdae5d38e0476c0d5842e74bc9c97b2577f5,0x884a3d2e8f01b555e8871efb5c5d0a3d231ec748,
0xe3a185cc6623b196a6afe1c8006709bd4115d7e3,0x7d95c55c68dc25ef4d12b614afa269fa4439674f,0xa03e1bda50170e569853216dc5cb3b47a3f8ae76,
0x83594bb340e733fa0e0dd0f1eab7d92fdfae6689,0xc4f4b5bc4abee01ee6cfb06b219832823ca37032,0xc1023ee62982064b7bd4dfa1b714a7dee7f4419a,
0x7b680cea936a8b849d5c2ece7664d63d42a2764a,0x1391185ff615de7952442cbf12b4ab5ba6df48e5,0xbf47ef93d30b74309a6ce413eabb912be1df2dd8,
0xbdcccb5775a7cd816cb7395bf45008a5c700309b,0x59a130ada7df6720ed8e263117adcd61d71d11be,0xcaac047ab27c36d11edece1f3437f4741bd8e2c9,
0x44fab256e9ca0bce920684ef9da99ffa2f0fd914,0x67b3d61e92918bd91f74a142b4bfd1f01561db31,0xc3ebf33d2e9cf8c1ee3cbea6f35026188054c03b,
0x13364bb2a5a0230797bbccc240025fae6054f088,0x162527ad3ea916b0c6b1d1066cf2ed4672c57f3f,0x8b7d4a0726e1f5b885baf896534890b5915f51a9,
0xea7c6c8a40bbe053735cbb9d527dc708f064b1cf,0xbccc1a1a0f8830790991b61dc412b1be63da5231,0xd26e3be3b9f15165ddbcb3ad275117a8d2cc1907,
0x6032ce8fef00a932883e3a5c316daf9697d5ae0e,0x053f74fb5a3950048092d206cba7a4fdbbecd4b3,0x51672bb6c10ade9fe41e3b7d2e10b9b27b42a8bd,
0xda2d0d184a3979194e51f90512e8806290d9556c,0xe8a3f7edce4ef2210573e5453a0e588ddb28f83e,0x2b030e31b2d6ebd2f5fb8032ec7a24aec221d3d5,
0x3c74737f6983db8b88a4262a774b5d19bf3de8c7,0x7bcb65f485c1247e65662d0718fc954cc101fee9,0xe4be56c1e915ebcdcc89fc39692135a0cda35472,
0xb7152ca9d479503f98bd68952acb330343ae2fb1,0x070301003361588e107eabbf96506d22f60d2a8e,0x404c4f42fe50941612fc670e6ffd86f5ad2faba8,
0x36ad490655f836026be7970b196838fb5ec64955,0x43b3d8b3ce6081109a87c78421a6261d9ed286cd,0x13a5add7559cdf1c03e8f60db4daec0521a42062,
0x6c8d9ddf5dbc66e50df81fed7f3cdde899acbdbf,0x901c89914743cef045d2114e26b736b57379a6c9,0x8335a94797404be518d500061babb634afefbc7f,
0xcd9d728194f21a4acde2dc943caadf61868f82f1,0xb01dcdbf820f8c433e0a4dc9c2451c51bfa7ba0c,0xfe6f58d392b7b4b73f754e65e67cd2b0d82b03b8,
0x1111111254eeb25477b68fb85ed929f73a960582,0xf906efb4e41f9727b877735839e6ad8e93453137,0x26431ec4f23b06e5a9876268eb766aa9dc80ed5a,
0x3c005ba2000f0000ba000d69000ac8ec003800bc,0x3345447d074a40f079097d518324c29c99b1b52a,0x772b8ceac713c2f17a063583a8dbce0180128d82,
0xc2e34a81219e8bbb8206579c456ab424086f3c06,0xcb99f2acf3dea32d85beb328466b74e0e77cbd57,0x90a6a4b5814f86712f77baf82c23cf318a19e7e4,
0x05fa1edd6eac7369568563c69d82e5ff67e6c29d,0x4c248dd21cfd7e77b800965f6b33c636de05d2f7,0x6f3d92b4ee2e6cdb37d3f8536751b8cdb2ae9c67,
0x491ddfd5317a33f97d1fe5dfeb739aea91795a4e,0x10192fe22c3daa9aea6be05001b4d01b399ef845,0x7b59f05bb8d791566474f0ccecb7723c2c1902b2,
0xf081470f5c6fbccf48cc4e5b82dd926409dcdd67,0xc8678d88797aedab79650804896f5ae1aa6c4f21,0xaadc469b11e325af7c6f42dadb0febbc87eb0f57,
,0xd88df632ab58149611773f7c475f9ef3dc42884b,0x977418c5a6e6c52e25cecd82d948ac9b4641523e,
,0x4049afc3197356d4295b060365d2523e7da53c61,0xde6971cedbcccd708803c88a395311f75fb70749,
,0x36e82417403a889182ba9dc0758dda642a71a32a,0x1ef664ba95d8204404eeb09e2db922fc7a313f4d,
,0xb30075367252b9196dc90aaf29e2d8fef0f95d94,0x42792947ad0f15fab1796c9158b70cb986a83934,
,0x6286f7c10b2eeff28e226ab2f348216f68c02bac,0xbdba5f0e233be83a507b6626d955e2b171c8f920,
,0x7a0626abc9f7c17281b6c56cfcc7954e974d7cb5,0x1af3c7c555d39685bf150e73a6f483954f7beb26,
,0x7847d4c460d50aaf9753259acbadfb8f4cd4de4f,0x0ac92eca2de79561846207d94f366a8aa409c9ae,
,0x6d20808976bc7e5930baff0158667d3cd6d91b3d,0x99edd796a638263d7d8635c8c55a0b8f8dfe81c3,
,0xac3b5b2fbe790006d58a5941daa67c71c2853542,0x3528d4c6770b86ce4e3a1c76cd6251c829113e39,
,0xc81fdd3cd0b5c467a498c0b0087af61f099a7c0b,0xe24658c7fef0e180a0e4c26cc8594514fe9ecdc3,
,0x382ffce2287252f930e1c8dc9328dac5bf282ba1,0x7324345b178759e320f4c2da6b5464edf2c66e93,
,0x8ce50856427b3e52acf52561e0e6874993608df7,0x092d66cc8d7f30910391b4b2417583d952808d10,
,0x30b80228b4c0d4e60bfad89ad6910d0bcbb16dd1,0xbdd0181d29c5541c6a323494018c806b84e83724,
,0x00000047bb99ea4d791bb749d970de71ee0b1a34,0xb71e76e530078b0b249d511e219beaa74acc6866,
,0x20e53840615ab007f5f49240a5f07663473d7af4,0x8fae1ae80f35b929387d6a0186f61341e3338ec9,
,0xc8c0e780960f954c3426a32b6ab453248d632b59,0x2a760d56fa7ab2ebefe5991dc44e82b41dc9a020,
,0x11f2cfa884cc921c090a8cb8f26e9fd270f03109,0x8ea11615623a4363fa6e11fc155fe788337e8e0a,
,0x6f4c77d62aae6661bfea7f3a47a8eeddf18d1cba,0x33a3ccf89ee0b30a2bef337b47dd8896261b41f1,
,0xfa3001a3042843555936c93629f90aed6df0fd0b,0xe7d063f7660f2f838fb6827f242cf9c33b502040,
,0xc80b0e047f3009872b232fb88267cede5b48e7ed,0x8d38ae3be7fde9403313cfc79ad4ff02c3f470cf,
,0x7afa9d836d2fccf172b66622625e56404e465dbd,0x6f398a46499dc749190eaabea1acce31bd76d10e,
,0x012b310c0225b16954c1a6c2f8a3123c513d9608,0xf0a9494963673b6d6bb8a18fa1c547eec7e85b97,
,0x2e1bc04bca1c9d01e91b320014768af762b592e1,0xea0ace6c492248957b7fdd570eca12b6842fd7f5,
,0x71643269227310c14e64627a3085f8a13dce3b6c,0x684ac946140119b0b89f955202a6d19fb7d2475a,
,0x4149b799341ffd4ba835bdc9907409ff0467fe18,0x567e153cb568a1d86b1997db157285f1925fde59,
,0xbc34ef2b3f8b9945e89f804036b0a06b80748023,0x50b8db3c31cb15fc07cc3812f5f018a41ea08f41,
,0x8401e047eaf374b7179caab00eb502303c5a2fe4,0xa91368518c9d03533220ee7de3b1fe5c2ae20666,
,0x96c195f6643a3d797cb90cb6ba0ae2776d51b5f3,0x3f8ff23c7622cdad0de6ff7ec72a2092f559964e,
,0x7e0043d1f652ab73fb4e34da66e48ee959892b6d,0x0c3c1d524aea78900dc54dabaf0d5aef816fef01,
,0x4aca210bc15916532a30ab56dfdd35750ad35c51,0x9d543e07e5a0603bad4c536e425f1bd714a9fcac,
,0x515bb96c06b05ebd91e0a39ea6bb82b439fad839,0xc1ce97be86af36258fd4634ea0f63f13ff2a9988,
,0x88249f3d4de75795b2913414bdc4973b2c680a50,0x8c715b3146187756bc708b78e9bace7bde82160a,
,0x9a2394e212d31ffa7b71a804be501c502ea21adb,0xe3ab10f437e073a45ac6c96dfd3211ce97c04b2a,
,0x50f336e796fadd35cfa7447a2e7ebd08a123e9ce,0x3d2b3a62e0eefd9bffda6ca87da2c493f69491c2,
,0x2beca08f80b2874930d0cdfecfc02633d107d1f0,0xe50e536b893f934ff51578bc289f96486032808a,
,0x8589cd7a7b9e0c3ea3552facb8ff11b3135baad7,0xdd14bb5425e1ea842688316c527671090eb3d1be,
,0x79fc45d458bd5b9d3d74bdbf3a393b389de67268,0x2810ef864290b72f36c6d4c269ac8a574f5b12ed,
,0x3d32d10a97705d28a754ddaabc02dc8750d19fc4,0x6e35cf67332f8e729bab7aded7ca5d52dbe3c2ef,
,0xc61cabbaa144ca9924bd0ebecfe3252a29221eb6,0x2b4ebcf7dac8081dc14e54e94c1fdda80fc8093f,
,0xe7dd23a626df6c54b59ddc53f9ee577165f0732f,0x7154e525b5247b73509e046b3ba97e5edcbd31b2,
,0x86e1d33ad028da2feb61a7138a22a472f383b8b8,0x607538488d455f05f046378c20f078631b184908,
,0x0d06cdd4ff61320e4100eb5ed6e04940877ae47f,0x4b51780d44ae5d1c3ec99d9eef78b84a7a67263b,
,0x75a8ef38588d8964afb2fb5e13c40a0be7380bfb,0xf1ea8ff0a173bf6d6644f1348170acbb9c874444,
,0x7c7b50fe5aaf1692a2567c7ed5b8e8b8ca6cff3b,0xa4ca4dc467859b2eaa92440cb4acc31d29c2c78d,
,0xf4a3afbe46cfee7f2fa59b421fc676cd9e416479,0x83824a264eaeb7e1e12b14a5adf1f4fd11c93f73,
,0x4ce7e6f96ede672f81a96213e303dccbc03ee777,0xd6137db9d66c8dc03458e4d59a3d689e22e90d94,
,0x4a20e68404c88666fec66268a36c9b2c40bde199,0x9a0e4eaace661010ef4e25febc256889b642f606,
,0xb0ce094d9ce24955331c1f4c3c8071bde0810f5b,0x34aa95a09b74417601ed591cfc6637bab1b488bb,
,0x8e16dc6b2bd067f6b6d7688504e5b14fb64fdb39,0x0173b75809c061c45f07b978bceab0f02893ac31,
,0xa7df13e94c6f569f6322179146cd21ec4fd9d378,0xb28f6a6a52caae0ca23f53f7033e452a6530e043,
,0x42a4f9dd84e0c505241695b606c2b431464283e4,0x7e34f200128efd96f8c5aa6eca6df0dc4269cc98,
,0xbb88278759888a9fd9f2c46e433f5ddb062f2498,0x9bf874b6737b58f92b8c4ac4d5dfd0f50e5877c9,
,0xf4f3188ace9340400da211bda856b72a6092b9da,0x5cb6b4cac72cb0e881b725364a08c66b57a3eb12,
,0xed6a0052d8055dd81fb9c53834499735094468df,0xb958a46239a88eec3b5901008fa71b6fcc31e205,
,0xbbd52a626f5ceef0b05f81cf93bfe1d4c417d076,0x10391357cfc4bf2c38c75aeba96304a1e82e1b12,
,0x13816f78b0c442c6ff0dd77db37148d554d5dc55,0xb2fd520b6eb29d78c358e0094e588a61f519ff29,
,0x2846e52f6dd1c3177b1a90832914fd1e5a2ec895,0x6bbf21f016b63b087dedf1574d62f11cca9c6962,
,0x810b163268e0840eb6368c3709fe4dc034b61901,0x53ccc66626a3ac00fc7c8d501b2cbac4267d3956,
,0x75fd4729e309fd7770b46b66a3c1469c0e5ed7da,0x3018ef88a7d51e426a33bf6110027151d8f9b6be,
,0xb24309ddd8e7d8ed41cdf56ee09c1df054e8fd10,0x4944223a1a9a91399966c85135c29cc5d45f5f94,
,0x889c90f6dbb3bbfad577398fdb04e55acad1819f,0x5e14ab30387703c49383041f78ed2fa22b9cd535,
,0x4948907f14b18094fa16905a7c1e19c6669d69f2,0xf748df933246e848b11428798657f9136dda27d5,
,0x56c2e5c062a06033b3be2f2b8ccd6e4c82bb4c66,0xade9086630754563619908bead432de161a1f558,
,0x78362ea47f1b29a2c7691fffacf4c523ab96d5a8,0x09292a1bcb95f416920f7bba98f8af6df7e66d2e,
,0x9a48bba001032ea3a4507d5715e36e726f5cd5c0,0x017860ccbedb9199353151bddef0e8a6638db666,
,0x9a01c1382cb6bf00c4143acfb0f3364f6ac46ade,0x81f3f77614f7a1c41839853a1cc14d8eb794cd1e,
,0x8325422ab27eca4c3a695a610657b1151171eae6,0x2a5003d439db810f78fedb6cf68a907397ef5629,
,0x84188d97b1fb23488773c4eb7f9ee01efcf26f18,0x3eb16d55f190a7dadc4b32755f219a4268a27b36,
,0x51c06421158d974f2a7c01814306e6a2069d0e97,0x29dafe6ea4f3e42d17fb26426d03a64e11358b02,
,0x22261f0d34520d63d86671112f08108d0c0c0d92,0x72f979adc97d6d85c1432ab2f1ac55511ad76563,
,0x07aa870d31e90728c1099d211a5ec418f4a80728,0x4c248dd21cfd7e77b800965f6b33c636de05d2f7,
,0x26e697edf921c0356a7f6d5fb283dbfd1d4a291b,0xfb0191f8d3a56719fc0d8404a9943d50eac850ff,
,0x638dad974f2d4801ee9479e64eee5860d849dea5,0x061fc307a5c046e50235783577a11b481c00c6df,
,0xb4ec142134c0cfa59486eac017e5d6102226d185,0x561d55f66575e2911e06b2ccaf369b405f286598,
,0x723fc43556d11147d38aba1228f8dd5d1c5c74ee,0xd765a191a3412e3769e8fc2ba375dd7c50711fad,
,0xe43aeac325d96a943479ae86e16c09a5df659ab3,0x229c8a78619a3233cc0b2f29b0b73afc770f4d3f,
,0x25ee60a871c2784076ec59dea51deb58174c4f3d,0x190f352848e520a3d86ba7ff2dd2c966ad5cdf87,
,0xe087753ba02cc4788115387bdc3a2d83acc48707,0xd6cb6f03021c7b6207f81106ffb5437f8c00a666,
,0x2841a405a9117d975f16fd87d0d46f89dbd861d6,0xc15b4c74f68dd4e519f5b449c21f7724be35c958,
,0xe90fe316c35d5cb534f098ad8bb2266be95ddec9,0x624daf02b91fb857b24f31f9335b237479bbff8b,
,0x1deca9d04e522decfab33f35c1c246fa9295a30b,0xc215252810207c87213d1737a78bc2875cf5b024,
,0x000000000c56e91f092023d942aee89b3cc089ff,0x1da47b74e5ba7e9c7b0ac14e23988913607954ce,
,0x2ee5fa95e44afac32ec3b6f73122b1918d541d9d,0x5f1fb5340bc3dad89a462d7a40d37c9930d20bde,
,0x9e321263198c023a42593cfca86626b8029a8236,0xb081ac3c886a597b348816e9d62e8c7a1f23e788,
,0x8017f3f02a42ad42f66655b2d2fbf743ebac133b,0xd5dee64523705624ff6f9c886d7a6d913c3432c8,
,0xc823aae6f055c8434904146c4744ea980cdb6c68,0xa97f5abb0951a7ef93e52a38cc4ab5d85ea48385,
,0xe78d27326f1a6f1f6ba6ad5e1b24a3added2791a,0x361e74d12ec8c408f480c951c9728ac06cbacbe6,
,0xe267588a8b7493e7b57035fa25458c26bbc451eb,0xba7362e9f67a2191935e00072b568b60840557ac,
,0xdb9f2ac28295e8f0894f8f47e58400cce67026bb,0xa5075557a0992ae075f961e938b908a9bbecd3ba,
,0x3cf6d9ba2e874745b1886980ef0d3a1aa6536758,0x893dd2af24ab4147afd6c7b4b36b2cbecc812d91,
,0x17f42dbc39ca53adc3d908e86b8497afce886660,0xca075ed9ea2d60741aee3089124550c496860b38,
,0xdac43bbc472386d0c64330a1162621ccf004ebb8,0x1d819bfa247c1e9a1e271144854ddbc7d20598de,
,0xa120f9a46f06cef265168897a2fd84bd12252d3a,0x915db38a34d2d5b111d6cbac9f97e6bfdd4194c3,
,0x0cdcab85c89434dbaade4a80867f252d5e638c7b,0x59d837bdc955a06399c3f964ebaa644ed2166013,
,0x3e41cee9659c60fcf11d9a2f25b12257f8c4dc34,0xf02fdcd048be85187f4884ae4f1b38790f49732e,
,0x5a84fa406eb62ad425bb926b7917caf3a11eb329,0x5a46e91f5e8b0c8e3ed2ccb5f1b494767ae50253,
,0xa76d76c9458d50099a93e5cce164c2e108d1a947,0x106dd185aa663b882096d169551a01ac74735476,
,0x151fa4451121a83634aa70c9235c550e45ec1d58,0x93a1d36b502b309e31795d0ccf4169035a68ab1d,
,0x00683428fe1a16d389baf21efc5c5541681c8c88,0x22adc81de50eb7f27d11653bb925507eee90c59a,
,0x05abb273a7685a364a192050084cba58fe84c210,0x90a5aa6df7bb8923784e159a9842a84533c86707,
,0xc6c0cc6fe934a0c8ed926682ef9a5ee327564b3d,0x37a8f295612602f2774d331e562be9e61b83a327,
,0x90eadacabaf39892dc27547f6f790fbf7f979917,0x9cbf83727f2f8adc0b5de69181b80d91ee10893d,
,0x2a873afa2bc1c9bc3767e6f96b892d1966eea292,0x9d27b671f2728e73c97cf0f98c5ab9ed319015c6,
,0x6e37ee025703046dfc798d980075bbbe5d66cfff,0xdd0b7c23659c8f7237a55667ac101c9b8704aea1,
,0x97a98e0cc251c889c30c07b028517fac43851280,0x1391185ff615de7952442cbf12b4ab5ba6df48e5,
,0x965f908baf6d91909613ce4944e26f9675b9b574,0xce88c1b1b02b82f0417e358ec30bb6bdcd2e1cb8,
,0x00000000a991c429ee2ec6df19d40fe0c80088b8,0x5d21fdfdb94e47429e0d35ab93c4903018e7a4b0,
,0xd8e3081c997dfadc5a6491d6d6301291d1d6030e,0xd3ad4691bfcd2292ebca22dd678e5c59f3494edd,
,0x00000000003b3cc22af3ae1eac0440bcee416b40,0x5e179cecdfc9910a51573c555ebd46cc7c7ff81b,
,0xfd8bd978f198503a0ba9c5d7f7586e23fc4a4b40,0xe08595e4a129c845175afa3f3765e86d8c28ea66,
,0xbe5e18a4c4ba86ddafdb94c98c90e17b2fd2e7de,0x5a26cbdc146503520a82e55a7d48d991cbcfaf63,
,0x429cf888dae41d589d57f6dc685707bec755fe63,0x0ffaa1403acb24cfedb87422b74095ba4f607886,
,0x93ffb15d1fa91e0c320d058f00ee97f9e3c50096,0x7894ca43b61b04e0c5222dbb620102c6baf0b96e,
,0xdc3bfcb3521cd02af66d394f817a0e6fe62ded95,0x6ff37929feb06eb9685641e52d74948a7158381d,
,0x4736b02db015dcd1a57a69c889d073b100000000,0xee2d8dc6773c6eb6c6b459b1ef8a52d429c77ef4,
,0x00000023c10000eecb940000b914cdfd76cc83d1,0x14986eff10afb9e7e779d07e23c6f07a71bf89ad,
,0xc6517d85f677d877ace8005154745edaf75b4489,0x55952f5409120cb95748cceadb899988c99cf694,
,0xf50024f746d94f144a79003d00000000e380a500,0xfd83e9f18344a7c10380f7c8a09747f2f0204c48,
,0x3166fe32a8396fe3d77492a252ba519773ad42a1,0x9f275753d63982853419e21b5b1dd649961a6a2b,
,0x532ffb08114bf840ac4e0b22acea7d0ade1a18c6,0xa97e3d3778fb90bbaf434f82014b1e1be3bf4e5b,
,0xa1c50f33093b7787091a6e99818e376d843e10c9,0xcf0b827993b2b129c578e512baa4912233e0451b,
,0xe0c68d7760f2ec6f2be665ed6be5f1b8eaaba0c9,0x2611897564f523106bdcdd4d0d518328249d2f31,
,0x0ba85d1bb39a9a245a2db4b74e3eeb75068e0e9b,0x119637d4f85ebd6139dd1989f3114274a8954691,
,0xb4b7ae741888fd6f3b87b9d1b85163168a7452de,0x2ba1811e7486d349d4496b7b3e28eec3dad04786,
,0xa0beff347d39f1f3b4adeb8d22d3f1a43bd48de4,0x6f9dd950246a440abb78a91a9a21720db7bbbad9,
,0xb886968485a36000bc56235455ca48ae572301f1,0x8aad39fe05f91e2743f53dee97d13869ccc569df,
,0xf439dadc8ee9e6c6585e734d05245149ce32f888,0x5de2a8fc1be71ef834cd7443976ed22578507903,
,0xefc314edce7e240371bfd3650b1bacf1890278bf,0x255d9c6c73bf327009760502af83fc8665ae6139,
,0x47bb13881920fca31160a529ed2d3ffe56687932,0xef860e4b09d6c4648e45e8699ea54c47b3b5d295,
,0x727511f05f476398d75e8573321da4666dbb0981,0x3b533a755332eef04dcbfd61c85715b31360212f,
,0xf00d34d1665b6acf6097031f6c742825966b13e8,0x20156f60876017c039a4cdf7fdf18bc0b29ff506,
,0xcffedfa3fef4f820e04a52ed01990f4e6229f565,0x16ac7b1598329d95e6c6c6372b12b6e0fb51c96c,
,0xee8f535eeff15ab59b9e2329a91d97eb0213febe,0x5396610d460dabce38fb8441c357b1dd78af5181,
,0xf0243b62f4750c1813f6afd7e0b325e4e1e2d595,0xbe196e3a9999bd37c6501ae3691fdf892b707e5d,
,0x3b1fbb3471c589c9457c5a56001f06033fe2ebb2,0x05f8ff2b0275f9bfe6ab2dfd3f92ba0fd25e5bca,
,0x8d0acf15a66da4fe2c87ad81c8b56393f69a89a2,0x61b7117b2e1073f09b9a4c55704836dc71fd36bb,
,0x2065d05e5efacfdce040ca7398cdcba10d1cbfc9,0xdf2a917fed49da9d51812080c8939d5b892476d0,
,0xf9fa45cfd1f028189fe2fa6dbbec3176c7f257ab,0xc0a564ae0bfbfb5c0d2027559669a785916387a6,
,0x76b5a83c8c8097e7723eda897537b6345789b229,0x97b2d267ad96ada6c8b215d38976678c694867f5,
,0xca1287523ac78b04c0c9fbe8b736b0cf92709f62,0x353bf6e71981ab8863152f9b9d02f61c0dacd2c3,
,0x1a4f6749aac14894796a92183f399dca1aa2613a,0xfe63e53223297b6f2e019a0f8b06b20bf5e647ca,
,0x0e2aa9db256db44cb8880bf8e7d34401e4010d0f,0x7ec24aa392cbda8ef767f33eaa1ab6169053fb9f,
,0x3bee651f71753aaaa9bee66a7dc8281fe0d1dc7e,0xaf15417e2b040a17f9272e69008c6e8cb0f7f6e9,
,0xed237edb351c5da602bfa65304fcaa0ad59b9aca,0xc9afcc9ff017f55617b1fbc6f244baa6256f9cba,
,0xfe4933311ef7c123d723a6dc401b5734cf5587e8,0x048f4e71ffdc613cf2d7df354f68b1d808394482,
,0x262aeedeec896b51ce5f978052985d4a49c5be90,0x7121916bc4911b4a57bf2cee49e7af275feef496,
,0xe37e799d5077682fa0a244d46e5649f71457bd09,0xcf2fd41a296da41e2df9fc77505d43ca50c7a267,
,0x3ff7c191e72e3cbd325173785d142c95edf72453,0xa3466101930ef474f9c328d5c041b5b7808f48c9,
,0x953c97598bcc24eb8cdcb897fea1c5ffadfe995c,0xe19e8090889ef52362e6c3efb249211e665a3523,
,0xdaa82920a2f2be28967cedf509a0f25402d4b84c,0xb863980242c7af4926bb34478edce698023d464c,
,0x39bfd10bdb73799e3cd75e24ebec144ff2e6eeda,0xe0da532ac2fc338eef1ef217d72686d2374f3b06,
,0xdfac0c2795672514c543a78fd7320688604bc992,0x5dbb9e009e6bb9c80242c3cefb4adba875e90e40,
,0xbebfaa8d692dcbf9a793aa764d21bce2b4b23a7d,0x76a79a5096df410a0a4c09b8316381215d7cdf47,
,0xd5d9c62279cf18953cfdec44b3f24facc1bde5e1,0x9323e7e4ae75a74eb897fc571e52ba6f1d1e2f98,
,0xfa07d88b2ba60a24a5bb6e315252f0110491fef0,0xbf58bb0662752fa8385527bb8ce6dbe8bc9f1114,
,0xf1781c3e48bf927d79ee655324a36c125ef1d050,0x32ee1b178dd69baf7b3a1ef5d9dacd89524a5586,
,0x6e7155ab6fbed6aa6e4dc4a1bc5f7c1a1133b730,0x6c75569b0a0dd73602940ab9047ffc7b41da4966,
,0x2b1c6a9327159cce3e2f42a79d586e8c936a19e1,0xcbaff140b44d2941a3f28b58107fc3529cabc72d,
,0xdacb338ed57d6760a5c1a049c34ef9cab1e7ff7d,0x0fea17931c1f108d32f5383ad307013b999b5b0d,
,0x47d3bdc11544200dce57eac3c1a33bffe161b46f,0x9a029a8c32f90bb8e58db62189e3811cc186bcdb,
,0xd531b3fd6bd27c87171559d71f06bc06d941535a,0xbca11db09069d37664e82b9129f94a1c02011f48,
,0xcd9bf637b8a8a3a527120c92358159d2fc8cbc4d,0x60ab8abeaf8fc7462594c8ffc1f5aa8daec1c924,
,0xd12aaf22e6b6e96992086489a300f0ca0b62a3b2,0x70ed68e77e1f239324436a540802598e02921706,
,0xd6d32d2f9cf7bba95d9a75a5f0a6f3bd5708e83e,0x2bdb2a986d4394ba8a47890ff075684cfc18b139,
,0x4632105acee0f4e11a1c5672da9c839dfd5857c9,0x3ea0d7bd54b86beb49917a708156966cb22a07c1,
,0x916b78f2142bad95b866a844986404b0ca70e1fc,0x9fb21aeb0d09f32d834e96015ae47a4692786605,
,0x1c958aa2af72c4256d49c1ec73c5d5ed13f71150,0xc139bdae5d38e0476c0d5842e74bc9c97b2577f5,
,0x9357ab8aad74694aa18d5f91b48c45d71414d701,0x29bc0c9fb02608d33742a041f054649de7776eda,
,0x261d3b40e6965b38c0ac368d4cb7b5948eb59b96,0x669627e414bdba4863e136c09f6b574bd7f74c34,
,0x1c25e2ce70f72193f52edd7deed2f3bb74df5765,0xc8e01e6215b8a00b4b10d01b43a9d863f0e583ea,
,0x2dcbd613c07f7059da26315b98f3c617dbf11362,0xbe101028e63239c89f3e817d2102819452a0dc29,
,0xb47f4e34b42a08db4266d1064ab4ed6a48b0c646,0xbf1d0021fed3b9eff079262d3d56aa45befd3daa,
,0xa17453437659629ea2db4ab0f114552c7444cb97,0x1bdbb4222cf8567a5674ecc6332b7f13b95aa975,
,0xaae1f28bf4c11101c5c4345f7c83449b41f3f373,0x9a9943ebbbe3ca555d2cda194afb1222f959d840,
,0x9d351802b0a8a7409b0c88e23c70734efe51fd5a,0x777e8a9c49d1f033cd24ca5001967ea456137e12,
,0xb9c3b4f9cdcca02e018deb8e1404b6361859bec3,0x2fc9f003213fb9bff6cd7c5a108a446953e70892,
,0x1111111254eeb25477b68fb85ed929f73a960582,0x074b72dea678be278b64072d0cc321054c02f52c,
,0xe7bdafa518bdd898ec3312b0cc32cd6f59567b91,0x98c1ec971f46f50ec2e940f99a50b428843357d3,
,,0x62165649ca2d08600c829dcb0c22aca440270b38,
,,0x9fcb14ebe8baf3fd6757961704d3f40dd74dd9a7,
,,0x71392e4fd5bca91b436b649fafaed49b62c6d4b1,
,,0xabe626b5fdc3f98172ef5be76800995a4f9a0b8a,
,,0xf9e23a0992ab75ecff7ef91eb84f1057c659233e,
,,0x77d1847cb7cf01e15b6e78909fa7d955fe66b51a,
,,0xa69d7e8233672df27b6ee6d49a881013147f3260,
,,0x4593066929fd8d2d5384aa4d94d87e6d5f3c4053,
,,0xd3490cd7687da12a42bd943bf5d59cd818a8854b,
,,0xe8d3a36f3073e4ef79cfa77225cccad3ac703f40,
,,0x67eca86871985831470b1863ba4a751d803d7b8e,
,,0x9b3bb5f30e39d13eefd50e6afcf89e42d470ff04,
,,0x0b9a77bc9844b9019205442ffea87d441f1d1f5a,
,,0xb1836206ac0b1ff9a13025d979bffbbf4e1059a9,
,,0x86209c7832ada5ae6c19f17fcb6f6d071a9d9a3a,
,,0xc0a48b8eb65b3b75a774decabc5b2f1a3d572dc8,
,,0x77a30363e25310ab5f2aa97dbb478405644c6b6b,
,,0xd886d86cf454d584194d58299e206eb4d3fd34fb,
,,0x3f5bd7664463ca8dfcbf354d3340c666f8471619,
,,0x4dd9f7d5dcfad56f8e0968d44b194c1f9fa80168,
,,0xfcb52741fe7a395cdd745b2c74c3dbd0f715283d,
,,0xa2a4176f6a739121c0a3757ac8b777647bed5f53,
,,0x88215c4d0f6e4d0347b757c38c249f1f23af229a,
,,0x0e97bbf3ae30fa42ba658088e9392451c9dbc389,
,,0xa4bb957c8c2ecc56cf2e32c9dc4a8d38b2b2c27f,
,,0x1984803ae6a688e7a507fd1a44ea0d8b66bfb991,
,,0xfd0ad87329a028f456019105e2010c89a358b799,
,,0x7ff64ee31fc3d7c55838d866dc3942ea4e73d5f3,
,,0xd936f37e2335451a36278dbb6aa5811bddb76b33,
,,0x762e86f5c2dd6831022c118fb58aa50ce36d4d68,
,,0x9529587a8701c0704e3cfce4d3866834a6ebb502,
,,0x1161705691cd05786e632b279fbda914317f8369,
,,0xa187dc724624877a97f5d02734e9871e2427c3b7,
,,0x2d215dd6163821a0241ad283948d4d41d578d3b3,
,,0x6fda0713cc4038c332facd4f3b8afe324bbc8fbe,
,,0xada261f6500aa34e01db080fa0d78599123820aa,
,,0xcd94049a3287e37ca6790dc86b306712e86e962c,
,,0x1b5192cd5d39195bdf598a7e3a173fa7c6c7f823,
,,0x4cda7ef736506a35275d58488319a8d43b3b0a39,
,,0x794c3b3dda9a986a98f982d4ca31bc37925bf014,
,,0x2a03fb98250db4a67fed32f55f61ec23c0abcdef,
,,0xf55d7beeef110e9af994ad5b577ca53adb2f7268,
,,0x8315d9dce8cebbb0ee963f7e9e5b4e1eef658069,
,,0xe812fd902ff14c9d91dd4c90018569803d8f5319,
,,0x839cde05c8f0ae83c1a5645baca9456d2abfb735,
,,0xec3f4a400e890a759e0ce2cddd32887379bfff3d,
,,0x54503c61e18d82c90b853eabfc58de9214ba6489,
,,0x0a90a14f2c06337982bbad167717269518bcaa01,
,,0xb4fe8a80838478aada9c2ad5911f8eab003338ea,
,,0x218f67bcd7ed5cbb5316061bbc7737e95cf5b63c,
,,0xd54a19c8a9a40f99fdb1737baea6cf946ec1e793,
,,0x3e6b6e42462a5c72f2d69cc238f5002a909fe9f5,
,,0xe7a43f0dd23faa3622c98f6be937ac3c7fd66556,
,,0x463fa61cb14e2f4d9b89d1ce228f289afd0d0fe9,
,,0x6a1d5379719350932a41d9f092f66bedcd2b4cb4,
,,0x68d6521c45711c11e9c4940d34f926b5344e28a8,
,,0x11bac3019bca382e8710fef7b637693f0941cfe8,
,,0x45786bb5bc222ffe2208d5de6470bfdbf35c1cbd,
,,0x42d6209bcc4db622b43196e569ad3e32ceff5017,
,,0x75c222dac64b34b1c399ca5166e348c6e0f76685,
,,0x7096981967a6dda6cce8b2fa2bb1d6940e3fa744,
,,0xe83d24ced9b69ef08c19c6c18e6da6db4a204ba3,
,,0x6704a554c2beb525253ac09e32d2a4310187d83a,
,,0x71bdb8845fadc69b3a2f6abff9cdac55ecd27436,
,,0x41daaae1e7cf4d113ca1825dfff723d43ba43e41,
,,0x4046bd6f93cf7bce9709b193ee001cb402f81eba,
,,0x681d57b76e182f6c7cecc85411b095c90233a20d,
,,0x7d0f1f15708274d91171ba70a8e53ce9a9603e9c,
,,0xf5771d44fb1899b255e24d050052284fab0a059f,
,,0x5a88e456a222c7001363fe61139c399fac60858b,
,,0x13d73c4bd0451841c1cc4df0a108a448b944bf8e,
,,0x7d1d9c9afccbe39e1c4b741aeea4dd2f1cdd9f2f,
,,0x9608b46cef909e42aa7f23444cb1cc566c3f4d25,
,,0x4fb6a44235f3770067869da4a1db270a3308cbdc,
,,0x4fa50105f0f6ef0804276bb59902e01753906e83,
,,0x90ea5cd7a58a68ef9c154838a27ed08da21432ff,
,,0x247280d27a8f8706a2c559530bc9230fdbd1c4ab,
,,0x169c36ab6ca542085392b85c44a12f088f6c5446,
,,0x801c6bd8ea764c7eaa5553a44bfeba7f08fea583,
,,0xd936f3b97eb8214e6ebf83bd55a8dc6932a9576c,
,,0xdba28de0e8a43ae0ef68a544ab9a15dd43a9820b,
,,0xfd5bc7f63fdef9d74a61cd3dc9f7c17cf41872fd,
,,0x89950e98823c506fd3f7c9bcf163fd1433ea34e2,
,,0xfd18d4a652e33eadd665993326845ec5b420ffee,
,,0xf7a98c388d089dccfba8fc0764ed90d701c86e25,
,,0x99df30d942d1a088840dab4d6d5c4a91ce296e61,
,,0xf8e632c2d68505bd6f5592a8cebf66bc66a22877,
,,0xfcf01f26ad10239a4e909196a3bea9e76b565879,
,,0xc843c1ba4263938379bb34e00e3d6ba5a836cee6,
,,0x598a760f1752b959a3475d220c2da9bac4b7c017,
,,0xd38cad4cdaf13785b5a18ed8fd2ed2c80095a2cb,
,,0x70c47a5acd0c78d527d99b5eea3028d778ca1211,
,,0x5336ac43e32d83450027faabe9807284d9f5b5c7,
,,0xbcba34340582282b716b7e072f9ca762a2035ba9,
,,0x9a0e011e856ac7042ec8499066faedf887e952ce,
,,0xd1fd64f7cb4cf0788f4f3bcf597c2d645149d27a,
,,0x51117c24cfe4fdfae1f247d0003f7716086a2aa3,
,,0x5d88aa822e451d1829f9e61f1ed17983c733e61f,
,,0xe2335b46ad90c5b5e0851b9229e7124c6bed5b58,
,,0xbe6f9c5602da6ee34317e46c13727be4d32e1050,
,,0x1f3601957492611162e6bac158d105f94fe90c5c,
,,0xd5462786709aacbf9a0721a6be3b87566304a978,
,,0x65a60adeb56dd589dab28da77446fdc010fb6a74,
,,0xe28f06dfa9de4909b6ac2947532041ba0b7e5224,
,,0xe679645028b949160967a51654652b96819cef31,
,,0x9e65994ce1c7fa0c506ccb19a6d0cdb424424c9a,
,,0xc1f4b2ab1ff209334474fc1ea3525ceb0cb53911,
,,0x6241bda1314853274ee1e4745a83695dcce2f80a,
,,0x219371a0a598bd902708253726f9923a27392945,
,,0xc12e0cbffd0e8c07e335fdac09bc0eaf6d92a557,
,,0x776076d41e0ad794bcd254aa15f75522864fe19f,
,,0xb58e632f223dad683759f115cf71e08f973a1660,
,,0x71b29e7f2798cd152a9e36a537f1b0f6eae86f37,
,,0x2fbdb308da38c87b587dfeb9d82310da8956ca31,
,,0x532f553bbb9598cd45b7ea02cf757a6c0f00f2c6,
,,0x7fa6421cf9b26c80b71cbeca80f04ba5c58fa3fc,
,,0x0457f71505f31895a525d978c4b9efb2bf255a40,
,,0x9cdbc14e0d1e78e3315cf0b90e2d31d45215f4b2,
,,0xbaec5f51db9993aebca42f38bb6a98a5f8a9cc72,
,,0xc5c5ca7a2339a04c7ded4f7cbe4cdea336830ac4,
,,0x7982b9096d64abd4fdab241ab9bac75b6f9f3412,
,,0xdb61a3fdb4303a812d43ccef06ce8de9cf299d4c,
,,0x4f86075b6d31ac23115972289a7b2cc9040891de,
,,0x20b5494a3643348fc012148084c12e473ad529f5,
,,0x371ee3545f78465aa29c7d842546f9c7cfb175b8,
,,0x695927e4b2f26789b370c5032806b8126ba08671,
,,0x36793754869dbf94473c26d2e68565a6100e6ab1,
,,0x19357a56d0f6ee692dbe952893517df141b2b412,
,,0x9c61297201f38a8ffb6f1e9ff2cb1acb8c229d5d,
,,0x5554261b8419207d9b6b3013025d33e5cc998ea2,
,,0xd27980d049966ea1a5cc65f5379032c20c1da4da,
,,0xe1c0e2c60b2b1efa3253557a3f9e747303cc08e9,
,,0x908a559303f4ca4c3507277aedfdd81b7cc6dce9,
,,0x2f4e819acfc9e34bec33fcb4109a03f139aa2b18,
,,0xaa26c56f5aa5bd8fe7e6d7e08bfe44d0daaabc87,
,,0x55179b9d3fb933d9ca8c7b208e6a37013ca1a6e5,
,,0x29b316249ef931d959ec1fbf9ee2e2fadd252c18,
,,0x8917bc4578bd33bb67fe1b76143d8a4aaf44408e,
,,0xa87994e22f8a5d213b8306bf97ef2cfce3385470,
,,0x0583ae7c636942c7876bc1e15a3657e8a1d950d0,
,,0xaef68c2fecc878cf9b6cfeba75acb24d378936a7,
,,0xe51a6893fd3484d328a920e3fd828119663ae0f1,
,,0xcbadf7807d54af56cb4d10ba2d4c9c277ba4a703,
,,0xacc5735b629e21b05df591b0067ae2c1b047467a,
,,0x419bfb0755f4e21d6815ec6bbf3e3f42b4f14e6f,
,,0x97d0820683e9feeac0e80fe0b2f4dd67358bee8f,
,,0xdc5cbe49e621f20dfbed40b69758a767c7beb30c,
,,0x22d9c8e326df4031ddf44aadf92ce60ebec43d33,
,,0x9c3da6c3b7222fa6e218be6a33b646457f9c9441,
,,0x505ef559568b0b1d274b07cb4c78be743fddf156,
,,0x0b429224ee32fc537fe05b9db07d6a8b7b9b5407,
,,0x17e6896cfd1e84541a55bce23adafd602a8bd5f0,
,,0xca951734b2082b6c0a800ecd0c26c279e1e985e7,
,,0xac21e73d4a6b9cb38dc46527843042a3703b697e,
,,0xde379aa42bb3c94dd6b2758a8b8600547d866960,
,,0xf9ae2bde2b9158966e035537f56c2e2d14ad5acf,
,,0xa8b1f7961ba52d989b1a8c2b0a279a763b787b39,
,,0x6751d57da2cfcefaa2b8be3de0be2375b62a6af2,
,,0x556988aa5398f0940ad030101245bb8ff0488f1c,
,,0x85ebfcfaa594cc079b53d83d330714e2f6e6b121,
,,0x2eeadfa258405aa330be2ad2947fe6fcae083cb2,
,,0xafdf6c45a72607f1592f944a371bc9b727d75ed2,
,,0x983379c19383dedbe92edfa83bd5b87d2e0adba9,
,,0xdc0e15d618565468d735947f5a6c63098f949ee0,
,,0xbe2b9aac336e192a8c346c1aba59a4ccf1458cf0,
,,0xeabffdf09be5083c3cb620c9f7cc6a99c22ce61e,
,,0x993092ccfc0bf5668565713783288d7f93ac1878,
,,0x7dff532c48aa42b5a78983adb67b04e36e0a8808,
,,0x86da442bf8f4bac20f449f9304f56b37632a92af,
,,0x1699db2a28c15f4a201e0fbe8c898f82f8fcf1da,
,,0x09a3e7fd97fa48b2e121e9f27fa9ab212df8bd2c,
,,0x81f3fedfd1199765fdb2a05d3a0c01e1c032d209,
,,0xbf0b45bfc5b0e95b1217a301735167e340a3ed98,
,,0x88889a9a14dd955a9ada95c09f3296d749a4acd6,
,,0xc85208ed08d50d8c28241d33d337f7b113b09741,
,,0x221745dcdc3222c6a599bfddffd958065fad17fe,
,,0xc08290ca2199b50f64ff4f9106dd89799669b48c,
,,0x6a13ef1f10977275004e8f2e0d80d7f0200269a0,
,,0xde93df50bbf358eb3aa4898797a48606253a5994,
,,0x411681c4d974b5a5bbce6294d8be3c2aa5f96fad,
,,0xc40e328eb7e3b14c8ee89b740fe889cd3e20b6cf,
,,0xa8778b3d1fc79576da30f560fb38dc1b419766ae,
,,0x906a430131dfe9511c524fe2770b42e3af6cc6f3,
,,0x51d037986c54110c2af2331839efc6ce42f608b7,
,,0x7b09091cfe2eb8e4a42b8b8043a2b0d75053ccb0,
,,0x8170d87a4d0aa4287b6f920a45b12165a67c41b5,
,,0x5df7251420c4c9a004bd6d405167d3cbb4b00839,
,,0xcbb4e6ff61f99742b4672fd6cd93e50ebac78268,
,,0xddcf84c9579540d99acb2234269dbbfcce043fa2,
,,0x01cb74cfd225aa8a1a5ec723c1dbce4a497bac30,
,,0x35e13ee6e374f4e300bc65be220f293b29c9a503,
,,0xe849287f5cb6dfd438cc5fbc0b9f943a9a861a73,
,,0x18fef22201f867e01e1d90579cd3fe31a93ad9c4,
,,0x8fa48220b8f6140ca29f1cf532f6e79835b2abe2,
,,0xc39487c9d2d821d5ed119e28d56b8e6dbfdb258e,
,,0xf6065e05c8540c5ab15f783a549b06eb8ee1e9bf,
,,0xbd4c999623bf4121c5842caf01cf1d7a3784da8b,
,,0x5b8c3e4e589cb4cf023fc0616ac6b291bbfb70dd,
,,0xd10bf08762b9fce463b12b097790d75d0476a252,
,,0x1b8123f04b9444e8370a4e2c10d7f632f780228f,
,,0x444db6e238df64274a9bdd0f72a7cd8a7f96cc69,
,,0x8436fdff24ed1fe9e025e1ffb711b6f61dcbaa62,
,,0xc38b1c39ff22cc2ee24d3d5d32f8704268cc4fe4,
,,0x2e37cd2b21dcaf026fedc9fe68eb89f17944c835,
,,0x378c07729641348144fcc883fb3fdce807ee4726,
,,0x65903b6dbfaee58d46043dcc3f902b83bb554550,
,,0x8ab64a548d3d78f71c3edc1f7c7ce2124b372c89,
,,0xcc19b690544b638edfde7053bff9940ac55d3618,
,,0xae75a95dda9a3565cc7902c5dc3330a03cb311f7,
,,0x5c8bbfe4a572b2c9d6f5c540751ea36644e290fb,
,,0x5bb757d803462ae466ba5f3524dc76e0c7febae1,
,,0xfd0e277bc43dc1d0868ce34c70f546abd8dfb007,
,,0xd7bd2167221c6ebac06f23bddc22610176185a24,
,,0x66cd45fd2d6d62dfcb184cd8a1a708d710bcbc52,
,,0xe394c9946d69b706b8a85ef4424eb016eaa4fcdf,
,,0x0366098a4018499c324141da40fd2ab8a2611deb,
,,0xc13770622c0d1e0633cd7a5049341cbc84665901,
,,0xd448b25b94c9c5142bed442b1d960c7a5f354fb9,
,,0xc82e942539cc497e5dce7dcd0e2144bf957a5793,
,,0xa1c2f666f5828d51b530e35ee09b886693f86742,
,,0x1184de98c71b565a7bc8313d89d74322c3df7f3b,
,,0x931e93b114a17f8967c7126ea8255de7db659533,
,,0x3b0bcf23fe50b37789cc702681e8afd3369b8a42,
,,0x739c046cccc4ca76d96f4cd64cd94b55c4974d68,
,,0x716973306b4f2e278b7b3fa11559e206cd701f0a,
,,0x6cda803a16095b4ecc28fc6abeee824bd10dc56d,
,,0xf5ed873a11bdaf59ee5da906aa53b478d09da3d3,
,,0xb5b81e63991245da00bd3d166a977ee107865b0b,
,,0x4148a39871a977098bf9a4aa8aa5f8d1a5bd5832,
,,0x7e084341ddbd8c883b3aa0eb80cf51c5bd61ec67,
,,0xfd4c6356c341c92a971bbe4ef11b844e4d1d4a0e,
,,0x43f529a33d29d3366f515f4f2f685fef5b03686e,
,,0xde16e82d273e0da20d32b19cd0a6f46bb37f1e97,
,,0xe1c46e386a06aa2991f9a17d8e1002393b038b22,
,,0xab66ba9f3bd976163f35922935228a817c15de6e,
,,0x66c66fc8eb1afdc304348d4529fe2f8713f657bb,
,,0x2f54b328f3aed88e13b9337bfa14064afc3c0487,
,,0x9269cc2fee02fa38a1849f393796b2ba919d828d,
,,0xb89439f60b9a742abc1f1b8333f0844abeb6ba48,
,,0xab69b09cef51b209f22aff5af8ac7c40c161aa7f,
,,0x6f59c3412f8e958a51de1696d6a9aaf77a3ba570,
,,0x9144801dee38d6f5cc5890bacc583a2f986d00ad,
,,0x07b734703a281414e70df654a91cc05527e6df1a,
,,0x7034fb12126e5f58cb179147c4b0ec2ec9b5efc3,
,,0xfacf542f5f4e88cc9da546a12e6a9d7cfe5b9819,
,,0xb59d12eead47ae9677d2ffacf9b0235f294f5cb1,
,,0x4ee698fcf42a3f5ed119cb41e791a4a147ebf053,
,,0x759ff61fedb6fe4b660c462dcb8f6c1138e7f7bf,
,,0x7d55cd125822d8a869870955c2eb16869053743f,
,,0x8f2ef31c8531df01d91dd8a7a3ad141238149b93,
,,0x163b3e07c9aae184164f203faace5bf7ed06dcc2,
,,0x4b5c369639aa7e155c7b9db835689e8bd7f60e20,
,,0x1a5b47331dfe10b7deff6de1212d8a35ff6d2059,
,,0x212c5ae33f8668b700c62ee90b146f043a1eaee8,
,,0xea61c0dab5deb5b5d263660dc2b79963b7bc3350,
,,0x71238220a91d11eac8a060c7fbf10fc5c07bb660,
,,0x7b6f5a19b93c6dbfa4bd13ca971d15be5cc4de4a,
,,0x39766cd307b32135c63f8ecda14a3262f454570b,
,,0x6e5d9fde9edef02884065f77014f50562a7f5857,
,,0xc1167d7eef9b1dc81d0d7718e02601289b5b838f,
,,0xfa5b969a2763a7e359f8aa7f534f18831b6666cc,
,,0x40c4d5436cee287c9fd1afba4e608da418bc1f16,
,,0xb1f2f1990b28687213d22bcf2ba5f54cf599ed8a,
,,0x8d074aa51ffe04a697c1ae4255be30eabf78644f,
,,0x4dd2e38fa117a32ea711e9272a594b02483b1c2f,
,,0xed313811c161600d7f9adbea0545816b6521239d,
,,0x1fa1852629bdc5490eaa32d93d0c337e1d58a9ed,
,,0x994d4d74c734ef7678743e252cfd949fe2f9a083,
,,0xd54e44cb951c608471a5bd9a61dec36531e1020b,
,,0xa14cd0032872be065a3318ce00ea60bade0c4c6f,
,,0x977c72cf8da9693b46b1ea55353fb061f3da6e4a,
,,0x035d0dbf524fd614527e7e2f62b9f398dbcf0cdc,
,,0xf11b62427a98e2949eb113086542faab81f10d20,
,,0x0c1be9ded62f1d95cc753c9572f9b62c36fab473,
,,0x93721168e95b216c1cf2673a76061815cc32a775,
,,0x270f40f895349780c6188628388882077cfebaef,
,,0x9c6aa0fef714d8bf83a236ff2d6b2e83d56d8d5c,
,,0x13042af2293c0a41119749d6ed8f81145312e3d7,
,,0xd93c3aa0783b758528c72fc2e45b42b4db8489cf,
,,0x4ae571a976918b0abebcba45afca9c90d28a9f41,
,,0x125c6f68de3871c47c7315652753032979f4599f,
,,0x3e1e40830b28ef976b81fe32d4de0ba57a1319a4,
,,0xf11488a66d508e813a60634eaacd9c68d5231c98,
,,0xe0f312c1d27e389061b6cbde969f5cf4b6033f04,
,,0x6cec466dad7ab5ed31a3a50cfb9ad63addf400bd,
,,0xba060e58e8414af2b22de4e6f4513e8b60b462f0,
,,0x074c09755a09b65a9c56cd71cb5688ca900c11bc,
,,0x0f277a76175897dc8f81cd9ff6f597da3abe30fd,
,,0x79079923c30134c3d711c9e8067665b4faeed4ce,
,,0xf41b01d23eb92b99399d38e2d3af39aac329d6fd,
,,0x704ef76985a46f7b4fca0cf10d45ed128bcb95d1,
,,0x3823934043d398c01c5e9bd53fcb26c9e040af59,
,,0x5a6b195a223d695b620bcb494e45ee3eeed46075,
,,0xb409c72dc4c007f8c17e4599c7a6b92510b2a1cc,
,,0x65ba9411f3b05fb713cdc563d504a23b91c41618,
,,0xee991dee0fd00baf1cbc4bcfd38e42fb338c4260,
,,0x455eb5d6bd2b559938af50f4e95f5c0dfcad55f5,
,,0x2af9cbceca8b66492f05f6b33896e3eaee313719,
,,0x956beacca2da5a7ba745bfac1bd13c37954f2056,
,,0x4523f031716b57dcc42f4d7804858aba6e97ec47,
,,0x4788f3069964a41118ec42a6b5f11b0c2a745c57,
,,0x95066acbedae8de999355e10256fee11700d45c5,
,,0xef5292e8b60cc1b29724a28718196566f12fbfdf,
,,0xf27735fb0d35bf7d0cb4726a4a018ac0bb31f210,
,,0x7a42d196e69ec1a5b4a77f909d6ae5f29308ca74,
,,0x9f65f51c601891f0eb0a45f0ffceff1a5934706e,
,,0x43851ec0e28abfecb4347b506f8f7a89d2c6196e,
,,0x9350381a69fcf6e6506e7290e0e6902d21223f3b,
,,0xb82dc394bd8738e30ec609030e8db976acd75c1d,
,,0x7ff9f42598dcfb8ca817a93c48d73df44d913aec,
,,0xd7d7af8e744dcf2c7d0ea5dab67a2567fbbb10c6,
,,0x348af30d335cfbea87a87dfd4d9b3fb0e1e2bbdc,
,,0xdc68240f56ccee720f772b52393c883524b33422,
,,0xb886ff7b8fac641e86583ec1038c71b699dfe2c5,
,,0xce55de1790f639f2b8919aa376745015bf7d65ba,
,,0xd1b1240a7ac9932bd1bfbc9ee21f6ae42b90a08c,
,,0x52a61e625a74d48027260b72c1e48a94cac4bc5c,
,,0xa31540daaedec8dd9b8104f0ad880b37341b3ed7,
,,0x75fc1aa45d18856573741d2daae211a947f9c70f,
,,0xee01b254f20acc05a964e6832d6d94e1075e229d,
,,0x1abf25beea67eb4d96f9d6cee0ef77a8e4f06033,
,,0xa2a7209413983b62dbce8b44e680754eaf06c882,
,,0x6e0c7ea832c8974228d051245ab0ba8678433bd9,
,,0x6dbdeed5b38a3ddd3da6f6f3bd840d410005cf34,
,,0x5cdf563b8f5ef2a7e1b4b6eb6dc815a0a93f6e7b,
,,0x3d27bf99fccfac60903af7468e24a29db90aa6c5,
,,0x58d415721a3ab5fde2bce7158d62d13e90fe8a85,
,,0x1795d835ef02c783014f1023db1cd1436696046c,
,,0xc706372ce2a51d3e7a5a30361197860d7c1b1e26,
,,0x6ece98db6f596cc31411736693cd7bd525401984,
,,0x5bfbb2606db066d32d50ad47e2a775dcb2ea6b8d,
,,0xfb4f5a078c2e397f0cf08f12ec265509ba322c46,
,,0xb1b6631a48b11d3ed66c7fa5ecea758fe9b4a58c,
,,0x67fcdaf8b33cf679aa2a2aefa9e9c31a09fb7741,
,,0x43f58003517b68c090fcaf18ed216feed25b38ef,
,,0x276125be50fc1fb0aee75eb1ede31a27887f75df,
,,0xbe8fc8e7ec0b4134ed0171f3b23cbb58b8dd652c,
,,0x2fd191b622822ae80ee74fdae003bb3da090e44e,
,,0xf069a400e82fb3f7a063c8a9a44c31733854866a,
,,0x48e2cd66155e790ffdff700bbec2f8f19a4c539b,
,,0xa90c15dfca9209309838d2dd679342142f8fee08,
,,0x4291011bc48957f8a7b62559c727f82112aaff95,
,,0x0b556abe2ac2aa86e2f33bde3f30b2904576be73,
,,0xcc4f16a58d5e1172c1827368b440b179c0fe940a,
,,0x411706c393d19e06835339bf51ef43715c2e74cd,
,,0x971062c5ca30dd07c839c95643b83bd175586ae1,
,,0x0b93326506880f1cbd8f53f4dc6faf2e29892579,
,,0xb284633104f94d20dfece2a86afd463bfd58cf80,
,,0x503a95beee2f2dda57864ca73ac313b59dec02ab,
,,0x24673b7ae3cd2f69a2e49b6d0a313f6a1007ecd5,
,,0x661c3b97040f9eb4390eff67d77d110c66049d26,
,,0x724d4f27552d29cfbe9aad6942174bf819c69754,
,,0x9c6ccfe313fefc0e021c06f0a093886b8e99d405,
,,0xdaa69a8b27120cebf1d6a94614f87930037df081,
,,0x215e85e7de5d805b71e7fac621d67566f4d56bfa,
,,0x11844e789e6527d01bbfd7f5c2ba8f1fbac75084,
,,0x59170f225f46062519f35ff3ab627b8e910ff89e,
,,0x34dd05b6b6b027e513488cc483c031e974865800,
,,0x04baef0ef92b1d0438d5083198009adb5c845297,
,,0xa981209d2cb2ab2d6b10caf838bc92243aa06a09,
,,0x627def5da57892a89c18d47beef4e58666adba9a,
,,0x94a89411bfb09fc70607e875b9f30e781c741931,
,,0xb6868496cc2aae0a09b08f565e16859ef210d0ed,
,,0xb1ee8d694dad7014cd188b2d4929db8b8a65fd35,
,,0x0388bb0fd27abdf7c05034c74ec55296b00c54a3,
,,0xe315a32fd40a47aa840353f9c780253e19b54d99,
,,0x00ba1b80c2568197e1eee46cc8d1b06c4c490f68,
,,0x9b66113ec3ca630671114ce17cecfa723b15c75f,
,,0xb007c22d2a9a4275931e106cd0071d394ea69573,
,,0xac76bad27cb8b6c89dc5773c1cfb8d81312da488,
,,0x1242cf4d681daa4fafe28bafbd6db984c1bbb851,
,,0x9f52034204e2c61e5213045ffc8fc463b49f325b,
,,0xce3bb2ea6cc883559cb5928e17643bba00080d5d,
,,0x9461e146d9336411fe60bb57a8f942b61d4e0830,
,,0xbb3644c82c247645ee08a75c16a2abf6bf1ef3c6,
,,0x3b86c5b23744a74f2efb1994355f485598a4f6a6,
,,0xa8906e7bc8162c87b1baa38aeac2326d45b97222,
,,0x1edd320412fb14f998ddd4c47e2901e2f5f16b69,
,,0x9b97cd44d8cadf53a3265d04bd729c037707348e,
,,0xbf37e31800f6e1f0990f44976437d33e704a4d4c,
,,0x390c2cfc188100282b1b61048b5a78f2bd4c7f55,
,,0x5cf8cc3fba0dd48902617ae65c54b01cca91d00e,
,,0x9e3c7832f13292ec7c73566d213dce07dd9b3c76,
,,0xaca4b15e3e8ec02a521c9da41da1212083319d08,
,,0x6f9f6c2603b5b060810163c027dd2d205fc6383f,
,,0x0cc3ed5f32dcdc76838afe2de690d0ec28b0316e,
,,0x3fa3b7e02cc13f75d2597754e9975fae9ac3b346,
,,0x267e2e8bc0079af75ec3449b96327a907f091392,
,,0x1106ba8307051397ae78d8e06a25668cb2182994,
,,0x32843d009f9ffdd16dd3c08e170fa77ddab7fca8,
,,0x61a584fecfa0d02aeb3ae4b78cbd8e9880073c58,
,,0x02b0748d4535d4221af8ec91f621f50ab7cb11a4,
,,0x35181cb10cae1da9ba2103c0813f8e3ec6493557,
,,0xb04b9eb4691fa05f691678b5328877f1fac2511c,
,,0xd60071b243bd69c0931bafd1f1b2b72c68d4473d,
,,0x30fb1d5b97c0ad95be906e299a4bf9ed23020f39,
,,0x1a00cfe9f0965aa66824fe0959019019419f5967,
,,0xe26f2a8a42f4b338475b194593e59edcebf67866,
,,0x9008d19f58aabd9ed0d60971565aa8510560ab41,
,,0x02ce9b73aacf6ee8797db97c62010eb966c191cf,
,,0x8b44ecc4052dddbe11aec82ef93975534883fdb3,
,,0x818f4e5d0e797da3d2e18490452f1db1d43c787a,
,,0xd00e5c0ec98612bd464b7d0baac640f3505c8a90,
,,0x728732e79f62f8e3f749edf4495ff915519bf854,
,,0x93da3b6f6f5b2b0e05974c2887cfd8bbb79d94b6,
,,0x61659075b76463aa6f8e96df7222be241d581f51,
,,0x9d64e433ade6a2606987ce718059d6481e6b9646,
,,0xf078059c0d54f1ed03c77d9f8a42a70950831f07,
,,0x1287da3f15c5c751e49dc41b3e39886f2141cf07,
,,0x26088772fcaf06f12abab97fff8cd56d6c4e1130,
,,0x41084888058e8cc54271792a677961694064d333,
,,0x5c512b46f9f4b430e8dc8660d69bcc3a14319a2e,
,,0xd2063b263f2c36eb7162d653d59733b8026a9360,
,,0x177ef2d1a3fa729606de17dee2b47b4ded73e69f,
,,0x08da663aa0856e1b368d877c5989e9c646ee23b7,
,,0x0ac73841462d508c263a25983ca1dd5c5160d5fa,
,,0x78f6025c8528ab476550a51a568e5713b03d7cc6,
,,0x0f9ff68ec3b9bcf9bd41c37826357a9d068c9a0d,
,,0xffa519c655781c529535602275ad7ebf8c55aa7b,
,,0xf2458a5bd90e61eab8447e484568e1da672c3d2f,
,,0x6e8c4a0fab26ac7220cfa35d9cac802f11d6b2f6,
,,0xa21f9d5fc28889e693c7edb507eb1270f4b50964,
,,0x23dc8a2ffe6417dac5b8a41ff553159ebca8e149,
,,0x77a50d2f3da1154178f5a12f86795f6313a755d2,
,,0x4f4602d314776263090337f980a7aef57d268ed6,
,,0xb2f83cc377a181d60271d756c03e42883367c6c5,
,,0xff0dda31ea30e32826f5190482840cb5f59db7f7,
,,0x45733ebe2be4a0cd05579d33722bc335e19ababd,
,,0x6e8010ad28c1be678097b56efa74f5592e486192,
,,0x67101f58d5bf27ee44c3f8356abf701f90d4d933,
,,0x7619dd590849a0695981eade94b57c8977b8897b,
,,0x239afd27c2c95e873d03df18c8f1a7e3077ec60a,
,,0xdc5a38bfa5ac0723b37cc4befff778a215c53bfd,
,,0x7d3bc99d497b26fe8d5d2cae6f536f0fdfc6639d,
,,0x257bfcd32f24c3c183f55b192b04a959c13bb35a,
,,0x02c7d0d94276b154e801f77468f4ffebb2875717,
,,0xfbd3f7996058c97e77224d3fce5fd588fd0e3b59,
,,0x1c54fb4f7b60b2b8dddc72fa01b9c9b47ac070d1,
,,0x24a0f04bb42eaace23329f5b8a9813685899125c,
,,0x3b6658b13b34da82bdebfe0bc2799c4403135957,
,,0x7cffd29ee5256419937b63eb03775d95b896c669,
,,0x8106dcaf7c294b2e571b44b11489ac404aac5aad,
,,0x73229b2da89c1f1c5d83e41c4388801d48261e86,
,,0x93a0b26d227d3a26e190d3df57db78e582385569,
,,0x03ba7adec6cb7a93b23fe519fa2a0986c0d57533,
,,0xb513d726c8bc296ea1a2d160fa5e6a647ec6cc7b,
,,0x9b3030b9297d01cd33f37d71acadaf16fb11ed33,
,,0x95bb9bddc1b6953da2c82a31d667e7414370da36,
,,0xdeb51793482af357521044998566263d017003d4,
,,0x45ff03b47a7d8dfcf913916ff814a858817fe918,
,,0x5215ee52ce046f041fb8014b15b810aee1508ddf,
,,0x4a1066e1f4188b6a625f896d72bac0e0f989b195,
,,0xd138bf1d8f0f16f3b484dd240f4a072a2b58f909,
,,0x605b6e9f0bfb043f1494d73e1ab86ad7165dbc97,
,,0x984fee0f502281fa5527bf9d1b1916fe0cdc18ad,
,,0x4105150abcee9582d93cf8a8df2bdc733cd41e56,
,,0x68902fc29bcdd2e7cf908ff0e2d58f533429236f,
,,0x39ab29e72301916feae2450cc18c643888fe14b4,
,,0xfbb018730d3b3b7b9ade850578fe0270cb74f238,
,,0x353f7f60d94a39464e046b66831ca456f1044f51,
,,0x77b87ecd5f96edfe23582303cdefaf5f9176871a,
,,0xcf52d02db831f2c16fd606d42184dee8d9bce69c,
,,0xe631c5f8352b66fc5289a207bfe9bc74fdc30544,
,,0xb92a6cf1f644dd180c7690bd6e4f57cc1493f4ca,
,,0xa5fce91114560967ae71ff76900f21526a4c2f83,
,,0xadeaf40b389af831c87e6e3ad6a19f039cf6a705,
,,0x96e23013ccd56d2af78c21739df4a186bcf49e2f,
,,0x4751747e5c484d491e11f7faf611e313c18a1739,
,,0xab1e23d650ad5df561be86ee521f33afcf70d798,
,,0x34c86beb9f8bf2faf9589a17ac9a83701244c17e,
,,0xa74e0cbc427bc7a73151cd275e7e36f8a29bbc80,
,,0x982040200c8829f00923081eb51d9b934f3963f1,
,,0xa08b4196a74c40e5dd84416b1754c5e7729b5425,
,,0x90ec07e69b5c9d1a1c6c05f9b57875d2b6d4613c,
,,0x546d15daf9403c4844a9593d14fb3f405a7ced2a,
,,0x12d212fa36f2bd02adf8cb26f7ec10439041af5c,
,,0xc44dbc6b7a7986dbf55a999b17e9dc1c3a79cd6d,
,,0xee64a8e20a86b0020fb6f016e3638fe9c8068095,
,,0x4b82c3083e3c327dcb700a0bffcbbfd4f0f493e4,
,,0x4d61d4b213da12a9da77d797099af9ab7ae48035,
,,0x6d7ae04cb14903ab4656d9c229fe8cc1dae2fe06,
,,0x33d7c4c0fdc584e7e31c2db6d76fce83b225e994,
,,0x3bef93127812eb3bddf221ddd76a67b2b37b821d,
,,0xe431e9302463daf9d2c9680e5d70328676a44387,
,,0x37b0091c0483959c92d4ee16a916316bade69711,
,,0xab08ea1800d03328c360d29162cc0915845a07e0,
,,0xc9901433ae11ecb1805cac164ab05c9a9a2d4513,
,,0x87c6b3fd797c3109fc5a458695520244d657b22b,
,,0x9e40fb6ffcbfed2907da4f86e0b84cf24d6e8f7e,
,,0xdd20d198fd52bdba8c83984a8c84b148bdf71958,
,,0x76426ec96b0370432ece1964d30060c1bec727ba,
,,0xaf354735f0f02c060d2a5d4e3b30e63f78e207a4,
,,0x294303e1c86b2cf62e07b23b7ae0d2b829338e79,
,,0x04436a31a8597a7188d56cc67ac297a73a906ad3,
,,0x0ac8077f4f9bd870c81895d4fa26eabe6708d7f7,
,,0xeb95ac334ab03537acdd7da09b563fffda6e27a5,
,,0x84a63fe11c48ed76c503ddba6679236664d6973c,
,,0x34fda908436f1ab29a260256435faf5bdde1d209,
,,0xf61f896923dd5e002b773733d958a2135be92332,
,,0x0e3e8f9484a753b526079ecd9d73e1f3ad8e4da9,
,,0x7d537ca2f50917da02e4455730fffe4caa8e49d3,
,,0x8a1ef4979af94711453808359c5bff28e90efdaf,
,,0x190a5f430444086ecf0bbcbe315984f51c43fe06,
,,0x65855fc3dada4471481abb110bf8fa13f62a63cb,
,,0xa30689e90eb6c3e98dc13240e13f1fa55249d6e3,
,,0xc9b650d72aa1930a11feaf8c3a3b24684212d251,
,,0x5eff7fcd73f92ed646ac8e7f942d5426c09690e3,
,,0x3500e9971ad5cad8fbaae26c2d3e1691943d5f4d,
,,0x1461e06f817fcb84d56085a6b3a815b7f85d8576,
,,0xac3b5b2fbe790006d58a5941daa67c71c2853542,
,,0x1c1f938467c9218b3bd80a87c5fcc8ea64fa2999,
,,0xca0f89a3c67db6d88cd30536b2d31078db6e7bd6,
,,0x6ee89ebb6c68c34cf28abbec7918331b5886b43b,
,,0xd10349377aadb801d37a37e35ad7f9fda89102c4,
,,0x712f62ba5fa3ccf44f32e99bb9dd59f0db40d8f6,
,,0x38b966ee9766407fe7a06d5b2015edd8b3338f76,
,,0x00000047bb99ea4d791bb749d970de71ee0b1a34,
,,0xc112d7c76deba9a4e990c4063ee07bf060bfaa0a,
,,0x409b0543d14cbf2dffb77f492acfcd45c6c7fbe7,
,,0xec930e99f9356b98a025f0a1d12cb60e6a347be6,
,,0x4ec0eadd82a35768e187a2fc7fafd62ce5b3a098,
,,0xfd00ab48e98c9026d834bf75669127c1984aea81,
,,0x4f4faf63dfb87af4ca133efabfeb5487998ce360,
,,0x46264a9e120a64b53ecd9069dbf4bcc1604d4d1b,
,,0xa5f3be652fe4800f4c357afd64be3b3b093b1dac,
,,0x5344367f4ebbe6774c9feaf2211d625afafc5960,
,,0x0b420e3e2c1f0c494fa80eac9262cd151427a4ad,
,,0xf58d3847f86fee45184365027aceb6593eb47289,
,,0x8294844f6e6a091c6b25b0d45b1a4c6575114693,
,,0x4e54aa443afc3ba8142b6bb4547305b6ff56e521,
,,0xfb32940509dc432ef7d113cab8bcd9b5626e6e62,
,,0x96c195f6643a3d797cb90cb6ba0ae2776d51b5f3,
,,0xca7556680e8ffbd9c87442169e57959e7b203740,
,,0xd07706c770202c5ed4aec84089c9c624b69a4e8b,
,,0xd902a7941e431956d70e2986746e399376023d33,
,,0x451d4ceda68c227e1b641c509081e61d1696ca25,
,,0x4606921fb34d17363af702473eb3f874a141b0ff,
,,0x953dc41398487be615af534651dcf897f7cbf1e7,
,,0xd4b11a2fc7a183d8f65173a58c4f134154ec7c9a,
,,0x9d5ab4c12331e56d6a66a3b892311cce32598776,
,,0x1cf6382ba1c26f61b5a51bd73b0176b9201a703c,
,,0x5ff62b97b8bf2429118cf19ae5ee8f7e7e0ac3e3,
,,0x582323922af7383deffd1a212ea92846dec2b875,
,,0x3a519936231b0eb27ce669ec60c24edff7fe852a,
,,0x192670efd794e24c1bd8ab31f3f00a2e23f847c3,
,,0x7956e7f51f7d1e6f86abd615854ed2f591a3cc15,
,,0xb552d5b07f9ae12bb745018e9663e560cae0a109,
,,0x9c1490b38960db683f4aaa4065e376df1fd9fdd2,
,,0xd0a53f54d7ca14da635190014b3cc78c36354748,
,,0xbfaa8fd91033e6890cce7ab1a75516a739688b55,
,,0x11c88e286439d04bc8a6931d2a6d94c3783a2d86,
,,0x756ae778438927758b2d3349ae9d69949583c6ed,
,,0xdfbbea2dcfee0a989d642b6a8b92dc7e4712fee5,
,,0xdcb8c747a53f7dd1955c5759caee695514bb60e5,
,,0x80374e49b974f4b9df5f82b93871dd4dc01ee836,
,,0x341950a638e6491e74cc2a6619a410255ffc77bb,
,,0xa7a6b65c4721852d33e6483a1364f489b29dd58f,
,,0xad27341c4363340ea0f8eb08a0893952711e17df,
,,0x382ffce2287252f930e1c8dc9328dac5bf282ba1,
,,0x925b611c62b9ece49ac1f1cec68e228f6ff6e320,
,,0x7aa8bbd797870950bbc8b3253f49bec143370055,
,,0x44d75d28b94bf5757829bd61d3357fffe035cef8,
,,0x504d9f705c7950cf1db0287aa5263ce6b0d33554,
,,0x4d6c5014851b0bb9c0e692104b3aea1a26c11188,
,,0x9c10d67bd18f3a9b28ba568e42fcc752946745f9,
,,0xe711fe3603c424dc9fe73287e9b913063306774c,
,,0xd8e23195cbca15e218337b1f737ea44537b69689,
,,0x52427391eef8703fdf295b0d088e64ec4d71b9e7,
,,0x8af712d54b9121b153d4ad3679652fdacd377b4d,
,,0xd46e7b7ca397cdb3c0618320a34c3e294e7fffca,
,,0xa892046f488fb7490088ab9d3b301e9b2e2ba283,
,,0xd2d79a54f0202b2f94a35b78933be99719321e57,
,,0x2efd98a50cce38dd8f2158b07716e747ca76741b,
,,0x094a79dc3530f812f347be9bc61d4d597d53298d,
,,0x37df54b93f90158f2336652b7f46d77eaa809297,
,,0xf538c13e1395b0153cde30dca14590cee16261ec,
,,0x4a183b7ed67b9e14b3f45abfb2cf44ed22c29e54,
,,0x23dd0e931fa1cb086498226c4f433f8a54f96157,
,,0xe4fa3ac2a61accd766507392278f1f21e209f404,
,,0xd7250162276b65a9b8de20352ae1d001ed2e476b,
,,0x32870da25ebc291266dcd810159e033234a801dc,
,,0x9a81ba7dc4e801891ecfef41cf37029edae458cd,
,,0xcd3479f74df0c5019b29ae438253d7a24b3090a1,
,,0x0f970df592678eab26aaa9c0fa6a597f071109fc,
,,0xb81646fb371219371428f45881620eb3da20fb63,
,,0xb0dc3c623a960f2c932929052aa2a16dc5316886,
,,0x3264ea777b8f2e1e244bed9a8979b12d2f155040,
,,0x0df42b5857a28665f6f5e76900db7a0bd3aae26a,
,,0x1aebd3cc5c69c9a901302922b6e532c233c99363,
,,0x00000000003b3cc22af3ae1eac0440bcee416b40,
,,0xd8e3081c997dfadc5a6491d6d6301291d1d6030e,
,,0x78b98a8208eee049b4e0dd6307af3cc6d8367481,
,,0x8cc10c12452c26c860249fa21b8a1330fb7ee1f4,
,,0x3be7c932a5ebfc72860f83f4fcbe1a47173eb39b,
,,0xc106b4b8f98e08fd9f5f87f518a6dff48b4d2e2b,
,,0x4d258488ebf4b403eb3f7503689df0fc2715226b,
,,0x77d8d96789a2efef1f551d36e8a20950777226d2,
,,0x00000000a991c429ee2ec6df19d40fe0c80088b8,
,,0x9bc7141c7f625cf7ced78d905c54c980ce3cce54,
,,0xb7bcef36c99cd8504ffa2755ab4ff4e34368f07a,
,,0x1a1c6954c9c7239bea3754d02e9a20299945c6c2,
,,0xfa5d5ef60c5834b9522b7bbdd7889a5078aa12d0,
,,0x3d8b9c050375d79d47e19d0d3a4392aa95dd0467,
,,0xc96758aa9f48805733f3a593c2a7bdcf1d0dffd9,
,,0xb9d8215e1913a226afc3d8cbc898d03d0228db28,
,,0x5c0dba1cd459db5979027073e1462008f393f81a,
,,0x112a4e415cad21b761686e8d225fb0b569389f40,
,,0xcb468657d7e80e1261db890d068ac60d00c7d4c2,
,,0x4346f5cb1dd6ee23af7b3f9c8a117b0946e2eb71,
,,0x07c4ffb1e68637b7dfc4f7393776a5a6077d24d3,
,,0x0236eec6a90615f5c4c8f15a0de2b51cc03bd636,
,,0xd28fa029edd22b492d367e591802c824265e7154,
,,0x317f87f8d18b6b5587c77ba164eeefdde0680ec0,
,,0xc778281ef77b4e87c016060d439290e9933ca92f,
,,0xc0f0f2a3e79391c8d511d50dca816bd1f35fa1dd,
,,0x085bdc322ca1dd01e6bc97bbab909a67e1a744d4,
,,0x9e452070424080d93ff9552837ef917b2c48c0ba,
,,0x0f06af5b03f3308f6ecf163e7974b73e8bc3372a,
,,0x889ad23fe69539c5992d4a98cca3cd300a24dade,
,,0x15abf088aa3ad2f4c95f995450b2891fbe7d0c00,
,,0xac3f77cf877488d3a5a04b3ed8e9d6bfc4ca8257,
,,0xd825a1a38c770ec3b9e56bf5a278b9fa403438f1,
,,0x654bafd037d8bb28c149694a78ff461ccec495ce,
,,0x627863b5f8c73273f4d3fbf2d4a8be9eff8cfe28,
,,0x46d269094bc1417f52e721d55abadd69e8b60aee,
,,0x8c9b5a8825ce7b2f0f8b682789e75186ee8f3d38,
,,0xc77fa35fa986c1dc91dac6f68ca84dad0e8242ef,
,,0xc3f69fc4d2b1c14c6613241fb262905bff6a0d9a,
,,0x20f04a19835da9f414047843947e7cbed5d39ae2,
,,0xf4e81a78102d8252052c2efe6f4d2ff82c5c2af1,
,,0xc526fb25be42bdbc4df2693f0814cdcd916d6ae9,
,,0x724f0da6fb8a406351de24eecb6c9d746e3b8f6a,
,,0xe409f561e3e1db2a7aa0fde3cee6f25d364549a6,
,,0x366cb70eb0394d685935de59167160412c6b3751,
,,0x53996d958f86800647714262ca5f46048d9b2d19,
,,0x471309a459d0d087fe68117ee4ab0aeda22be58a,
,,0xe2395fc76e7060b8aa6bb44380a4297bcf5c7605,
,,0xb9b84587eeb787cc621c518b0c24ca9b118be56d,
,,0x565dadddc9e43859fc20ceb584805e019aa0d666,
,,0x18d89c1870a09ca4bdbbca4ee8300ef8616d61a5,
,,0xf967990de7939d02fab38d0b146f07946fff47a1,
,,0xba1c28693366f473fa747a06fc4caed3c126cda8,
,,0x7d4790f9ab634b6f67357023343e82b2e8090b0f,
,,0x12281c55f4f7921b5d4fd077ca64aa6c233f06b2,
,,0x2dc07c8cbb67dc7d9791126701f68ffb55220248,
,,0x890bfd41b316ee126302740cd7fcf56386a3e399,
,,0xe2a5849eefe29ca9300589e75cb755512c374044,
,,0x827191aab22608a11dd2c9d810f0495be3eec6dc,
,,0xb3d473e6794d52b9edb59ed78b3252be4bcc91d4,
,,0xa84835d0b0f0001539b2f251f134bb3b180082ce,
,,0x4870525eae23fceb31df613d179ef6275e1b93a9,
,,0x6f77ebd5bfe98d817c5899b4e27f7a04c4310e8c,
,,0x5c54a9968c27682bc75cea9838a25625764d0116,
,,0x2ee83f96947260b2c46895ed16fbf5735b787f6d,
,,0x3674c393a275e1b60097f43afaf424238b7856dc,
,,0x75fd4729e309fd7770b46b66a3c1469c0e5ed7da,
,,0xe2ca45e87eb9a59a1d6e76b95c7b17c1702a1650,
,,0xb52ef6ec2345d03c3b9ce73a871155fa95dcf371,
,,0x6b75d8af000000e20b7a7ddf000ba900b4009a80,
,,0xb80762e0cd5ebae967e572618f63e2f0fd1f9d91,
,,0x358a8b8c98b7c9f6c0181d35b0e72b84013574c7,
,,0xee6db1776561fd2ba32fccbb2c82d641ba3461bd,
,,0x3d6e81228ba0367b5e5a8b94b71d3568b0ded996,
,,0x2735ddda892fcb41eb87923c1a21188911b0de36,
,,0x971673ca68d0bd8b99feae5359e50f8507faee15,
,,0xa82d842fc53867ae1f452d60e145eb29e394e21b,
,,0x7d9326d3b6a485e2d570158522eea103b8a31573,
,,0x51abee61cd914df6e01e3e89da58beab4c61dd20,
,,0x82553c04b6513201dab897969b768f01f0968e77,
,,0x9adea960e2e41725fff6f0951c790bd6257dfb68,
,,0xe2c976361cb18a42902450c0809e36917695bfb5,
,,0x45dd43d67c4dc159017f14faca48d231d3616fac,
,,0xb58bb63ab682c3063d6c68c90000d5956b4c5625,
,,0x8929e561aca64072432d0837ab21702e4b215b9d,
,,0xe3f27fd4a1485d15a5757c275eb2e767b664cccf,
,,0x44a5350e36456de90ba32ec6ed8d3ef273d4b630,
,,0x24b78b418521d25b7f9b473780af347b2ce42865,
,,0x78d0df803c91792bdf018dc3ac8a2a3991cedd42,
,,0x5bde17f8bcadcd138050562523ece5431302f29c,
,,0x937e5afc50677878ed2b7290f4bbf25432669c38,
,,0xb5091e05baa634faa52f9d2ac7b1518ee94d77bf,
,,0xc30cf256dfc731193a4fe2b02c89bf1815ec70a5,
,,0x7364d14577d583ef578276e953a22cf10fbdc544,
,,0x429cf888dae41d589d57f6dc685707bec755fe63,
,,0x18b0384c62c6658ea443a35941ed9bf3e2ed0880,
,,0xdc4a381246357db903b6c53d1a9a9dd4fe878271,
,,0x0000cf7a76d3e41656cc2ac4005016008d470000,
,,0xeb0485ff1e2e49faf57d1459757ffb58dcfb5d59,
,,0x00000023c10000eecb940000b914cdfd76cc83d1,
,,0x00000000009e50a7ddb7a7b0e2ee6604fd120e49,
,,0x93ffb15d1fa91e0c320d058f00ee97f9e3c50096,
,,0x4736b02db015dcd1a57a69c889d073b100000000,
,,0x0208d885541fa27055c6ca5363d91398d60b3690,
,,0x0a6396725255bc69e420074d08defa98993ee798,
,,0x0d8f099fe3f7b759a583a05b4154753a9fa60c3f,
,,0xabfc8674fc09c5e322ba67f60ed9d5c9facf8f18,
,,0xf56863abcfc00445c6cc403d2c67822e5cf3ee29,
,,0xd50c57242d27df5cfcbe4ee941a43ab839c62266,
,,0x8fb3df98960a5f0e310435f4d8e941834b4a0cde,
,,0x1fe99402a2febdde435f04bf557cc952faeac71f,
,,0xfd0000000100069ad1670066004306009b487ad7,
,,0x007933790a4f00000099e9001629d9fe7775b800,
,,0x719844890208d00f73dc37d6bd2cb17b9c3dca87,
,,0xe5d3c466d4d35bd40f74f9f43dc965e0eedc9f5c,
,,0xb5402bec93ef24856a1944a409ce6218b3cd1a8a,
,,0xb55278ca6148b30fca26192b6d0034e8f59f2c25,
,,0xe6b80621e3db970f50ba780efe8279982abc579a,
,,0x77ddefaa98c28450809a227379202b386af42112,
,,0xf081470f5c6fbccf48cc4e5b82dd926409dcdd67,
,,0xd3c034666e05c69724679a2ac06dd5049746d77d,
,,0x8b40d4d6200add6d1250a29ec4553e01569b7add,
,,0xe63becaae73f77c4fe96ebec16f97ea2046d3eb3,
,,0x564d03ebd774c3c4979676d764096e3c914e94fb,
,,0x1136b25047e142fa3018184793aec68fbb173ce4,
,,0x37ba84d2d18466d20cac8cc0e6ec4a293ce967b2,
,,0xd698ab069a6827407f476617da730a460950c518,
,,0x89a66ce5029d4063e93bc899102dd3467b51335b,
,,0xa6381631e0634e97e23a80a3c57f9582aa959e16,
,,0x32abb6e6beedf9812c94ecaba25e87628884ba91,
,,0x4a97a928112b750f6ac8dc690965e77336067986,
,,0x81f91804cf3b843e60dfd0f28cc78f3871b0aee8,
,,0x45ecf26198129f747f47b480c87ea0f9269aaad1,
,,0xa11704c387ce2f54a706967bc7f3b446398ba4d1,
,,0xe53d5cc9c8a06548b951e3b86d14555267d7d820,
,,0xe2d1791096bf97b5df05adca9a1cf61ec5e1eb3f,
,,0x12a1e6fa6e64d29c8450222c53ea81c049b5b3cf,
,,0xf362793eeca37db2816d7941b6ff5bc972f204dc,
,,0x770a6f49d1b5251f59cfd0e065e032304c255947,
,,0xb44baea33299f99fa5f7f00757f983e64975b2c5,
,,0xa1c35a0982b89508a65abb4d906ae951445715a6,
,,0x7b69782c0a2c1acb059a77f013980719a77a3da8,
,,0x812111afc71f1935c8226a8ccfccf5b48d9cb311,
,,0xea6ea1bdccbec848abf38d76e367edaa80371515,
,,0xe6c047de4fb6aa0061ad549e263ea052b046ace5,
,,0x3ae9411577917d7d46e04c7efcacd0db4f6a46e9,
,,0x929b7664efbc7ee456294db70c204c9ac1340a09,
,,0x5105240f053ca1577010e35037b90a0e25950678,
,,0x530ee1fbf9b672c2169151260f20ea4bd5ba447d,
,,0x07bae765074790b76c791834ab873be27493c163,
,,0xe37e799d5077682fa0a244d46e5649f71457bd09,
,,0x0251906eafac538fa803f730e33a48334634e821,
,,0x17d487ac90515dfebc360caae3271c42805b6826,
,,0x964085301b2a5576c1ef9c3d3e10d25855c3a7a7,
,,0x2396588b50d4d9a6c75295423c1d732de5d7c574,
,,0x1ae1ea9f8bd92d213d22e9361293b9d30fafd855,
,,0xf55b3a2c33cb120d11e01cee6e852c59ad7642b3,
,,0xf1d3d5bbfcd423c3a6f4b04f1ede2d845a444333,
,,0x8e841ddc4a5a0c8792434975c6f2e7f16c085cbe,
,,0x85a722d3eb448338d1c9ae376264ec0447356caa,
,,0x2160632e38e61336ea6b7d5cc03a52959e72e67c,
,,0x8495efdea8c9117983fea6b8cabe39badcdc64df,
,,0xe24db6963876a96e0dcd1d0a8462079485a05223,
,,0xf367cdaebf001bc973bd50488327c9409b408267,
,,0x167f8ee4f6dcde716294133de622cc7c09dc3101,
,,0x000000000005af2ddc1a93a03e9b7014064d3b8d,
,,0xdbf1b57a9f75bcd5f1cbda50924cc72ed58fb2fe,
,,0x5f8d8db664b318a9e2cf35c609699ba61369ee49,
,,0xbb3ebe0b5b37143ff65a505edb5aebf145759f68,
,,0x0f952ff6b610d6ebe066c9e1997015b2d0c00a5b,
,,0x324e6adbb048a089aff036d9c0f31d721913a101,
,,0xe43aeac325d96a943479ae86e16c09a5df659ab3,
,,0x3a0943af1a26ca2a7a4ca6e5ff1f5f078f0bea14,
,,0x1111111254eeb25477b68fb85ed929f73a960582,
,,0x76b5a83c8c8097e7723eda897537b6345789b229,